claim_id,claim_amount,claim_date,claim_type,avg_claim_for_type,customer_id,customer_name,age,location,high_risk_location,policy_id,policy_type,policy_coverage,policy_start_date,policy_expiry_date,premium_payment_irregular,accident_type,accident_requires_police_report,police_report,report_date_mismatch,no_witnesses,vehicle_id,vehicle_type,vehicle_age,damage_match,previous_claims,previous_fraud,claim_frequency,claims_in_last_30_days,document_status,report_consistency,multiple_policies_same_vehicle,label_is_fraud_synthetic
CLM-1361,92674.16,2024-09-19,Fire,150000,CUST-2361,Charles Jacobs,23,Chennai,False,POL-3361,Comprehensive Motor,750000,2022-10-08,2023-10-08,False,Fire,True,True,False,False,VEH-4361,Sedan,14,True,0,False,0.6,0,complete,True,False,False
CLM-1073,745110.23,2023-08-08,Total Loss,250000,CUST-2073,Anita Ortiz,46,Hyderabad,False,POL-3073,Comprehensive Motor,2000000,2023-07-26,2024-07-25,False,Total Loss,True,False,False,True,VEH-4073,SUV,6,False,4,True,2.1,0,incomplete,False,False,True
CLM-1374,191585.38,2026-03-30,Fire,150000,CUST-2374,Laurie Anderson,29,Coimbatore,False,POL-3374,Zero Depreciation,1200000,2025-10-16,2026-10-16,True,Fire,True,True,False,False,VEH-4374,SUV,2,True,1,False,0.2,0,complete,True,False,False
CLM-1155,165284.24,2026-08-10,Natural Calamity,120000,CUST-2155,William Lee,32,Chennai,False,POL-3155,Zero Depreciation,600000,2026-04-16,2027-04-16,False,Natural Calamity,False,True,False,False,VEH-4155,Two-Wheeler,8,True,1,False,0.3,0,complete,True,False,False
CLM-1104,4878.81,2025-11-03,Windscreen Damage,12000,CUST-2104,Joseph Brady,62,Madurai,False,POL-3104,Comprehensive Motor,96000,2023-11-20,2024-11-19,False,Windscreen Damage,False,True,False,False,VEH-4104,Truck,11,True,1,False,0.4,0,complete,True,False,False
CLM-1394,213790.7,2024-02-29,Fire,150000,CUST-2394,Edward Rivers,63,Salem,True,POL-3394,Third-Party Motor,750000,2023-11-03,2024-11-02,False,Fire,True,True,False,True,VEH-4394,Truck,0,True,1,False,0.9,0,complete,True,False,False
CLM-1377,18922.91,2026-04-27,Windscreen Damage,12000,CUST-2377,Diane Schaefer,60,Hyderabad,False,POL-3377,Zero Depreciation,60000,2026-01-17,2027-01-17,False,Windscreen Damage,False,True,False,False,VEH-4377,SUV,12,True,1,False,0.9,0,complete,True,False,False
CLM-1124,66331.68,2024-01-18,Fire,150000,CUST-2124,Anthony Lucas,38,Madurai,False,POL-3124,Zero Depreciation,750000,2023-11-20,2024-11-19,False,Fire,True,True,False,False,VEH-4124,Two-Wheeler,2,True,0,False,0.2,0,complete,True,False,False
CLM-1068,397876.05,2022-12-09,Fire,150000,CUST-2068,Patrick Valentine,57,Hyderabad,False,POL-3068,Comprehensive Motor,750000,2022-11-29,2023-11-29,True,Fire,True,False,False,True,VEH-4068,Hatchback,7,False,3,True,1.8,1,incomplete,False,False,True
CLM-1450,205410.1,2025-10-27,Fire,150000,CUST-2450,Erik Olson,27,Chennai,False,POL-3450,Comprehensive Motor,1200000,2024-12-20,2025-12-20,False,Fire,True,True,False,False,VEH-4450,Truck,10,True,1,False,0.2,0,complete,True,False,False
CLM-1009,578214.72,2022-04-15,Fire,150000,CUST-2009,Jasmine Ruiz,26,Chennai,False,POL-3009,Zero Depreciation,450000,2022-04-04,2023-04-04,False,Fire,True,True,True,True,VEH-4009,Hatchback,9,True,3,False,3.0,1,complete,False,False,True
CLM-1194,116048.06,2026-08-08,Natural Calamity,120000,CUST-2194,Erica Payne,67,Hyderabad,False,POL-3194,Third-Party Motor,960000,2026-06-25,2027-06-25,False,Natural Calamity,False,True,False,False,VEH-4194,Truck,7,True,1,False,0.7,0,complete,True,False,False
CLM-1406,13530.01,2026-07-06,Windscreen Damage,12000,CUST-2406,Amy Patterson,66,Trichy,True,POL-3406,Zero Depreciation,60000,2026-01-08,2027-01-08,False,Windscreen Damage,False,True,False,False,VEH-4406,Sedan,0,True,0,False,0.3,0,complete,True,False,False
CLM-1084,157599.0,2024-06-06,Collision,55000,CUST-2084,Mia Kramer,59,Trichy,True,POL-3084,Third-Party Motor,440000,2024-05-30,2025-05-30,True,Collision,True,True,False,True,VEH-4084,SUV,6,False,3,True,2.5,1,complete,False,False,True
CLM-1371,44115.06,2025-10-15,Theft,90000,CUST-2371,Elizabeth Greene,48,Trichy,True,POL-3371,Zero Depreciation,720000,2024-04-20,2025-04-20,False,Theft,True,True,False,False,VEH-4371,Truck,1,True,1,False,0.9,0,complete,True,False,False
CLM-1388,12696.93,2026-07-08,Windscreen Damage,12000,CUST-2388,Nicholas Gonzales,55,Hyderabad,False,POL-3388,Comprehensive Motor,60000,2024-03-24,2025-03-24,False,Windscreen Damage,False,True,False,True,VEH-4388,Hatchback,3,True,0,False,0.0,0,complete,True,False,False
CLM-1495,49027.15,2026-08-19,Collision,55000,CUST-2495,Aaron Leonard,65,Salem,True,POL-3495,Comprehensive Motor,440000,2026-03-10,2027-03-10,False,Collision,True,True,False,False,VEH-4495,SUV,6,True,1,False,0.7,0,complete,True,False,False
CLM-1030,439832.39,2023-06-30,Natural Calamity,120000,CUST-2030,Gregory Brown,34,Trichy,True,POL-3030,Zero Depreciation,960000,2023-06-27,2024-06-26,False,Natural Calamity,False,True,False,True,VEH-4030,Truck,0,False,3,True,3.2,1,complete,False,False,True
CLM-1316,6395.82,2025-07-04,Windscreen Damage,12000,CUST-2316,Adrienne Hayes,68,Madurai,False,POL-3316,Zero Depreciation,60000,2022-12-08,2023-12-08,False,Windscreen Damage,False,True,False,True,VEH-4316,Two-Wheeler,9,True,1,False,1.2,0,complete,True,False,False
CLM-1408,161341.94,2025-07-16,Fire,150000,CUST-2408,Debra Green,57,Salem,True,POL-3408,Third-Party Motor,750000,2022-04-29,2023-04-29,False,Fire,True,True,False,False,VEH-4408,Truck,7,True,0,False,0.8,0,complete,True,False,False
CLM-1490,9648.06,2025-10-29,Windscreen Damage,12000,CUST-2490,Jordan Curtis,20,Salem,True,POL-3490,Third-Party Motor,96000,2024-03-31,2025-03-31,False,Windscreen Damage,False,True,False,False,VEH-4490,Two-Wheeler,10,True,0,False,0.9,0,complete,True,False,False
CLM-1491,128530.88,2026-07-31,Natural Calamity,120000,CUST-2491,Christopher Garcia,58,Chennai,False,POL-3491,Zero Depreciation,960000,2026-06-08,2027-06-08,True,Natural Calamity,False,True,False,False,VEH-4491,Truck,9,True,1,False,0.0,0,complete,True,False,False
CLM-1280,140983.58,2026-07-09,Theft,90000,CUST-2280,Alisha Burns,54,Coimbatore,False,POL-3280,Comprehensive Motor,720000,2026-06-03,2027-06-03,False,Theft,True,True,False,False,VEH-4280,Hatchback,10,True,0,False,0.7,0,complete,True,False,False
CLM-1356,151117.45,2024-06-21,Total Loss,250000,CUST-2356,Dana Valdez,61,Chennai,False,POL-3356,Third-Party Motor,2000000,2024-03-31,2025-03-31,False,Total Loss,True,True,False,False,VEH-4356,Truck,9,True,1,False,1.2,0,complete,True,False,False
CLM-1076,448129.27,2026-06-19,Fire,150000,CUST-2076,Diana Adams,69,Bengaluru,False,POL-3076,Third-Party Motor,750000,2026-05-30,2027-05-30,False,Fire,True,False,False,True,VEH-4076,Truck,8,True,4,False,3.4,1,incomplete,False,False,True
CLM-1461,288542.99,2025-02-14,Total Loss,250000,CUST-2461,Brian Crawford,36,Salem,True,POL-3461,Comprehensive Motor,750000,2022-10-23,2023-10-23,False,Total Loss,True,True,False,False,VEH-4461,Sedan,6,True,1,False,0.5,0,complete,True,False,False
CLM-1497,148797.27,2024-11-10,Natural Calamity,120000,CUST-2497,Lisa Smith,29,Salem,True,POL-3497,Zero Depreciation,360000,2022-11-05,2023-11-05,False,Natural Calamity,False,True,False,False,VEH-4497,Two-Wheeler,11,True,1,False,0.9,0,complete,True,False,False
CLM-1211,7371.9,2026-06-11,Windscreen Damage,12000,CUST-2211,Samuel Novak,29,Chennai,False,POL-3211,Third-Party Motor,96000,2025-11-05,2026-11-05,False,Windscreen Damage,False,True,False,False,VEH-4211,Hatchback,13,True,0,False,1.1,0,complete,True,False,False
CLM-1101,13402.48,2026-07-29,Windscreen Damage,12000,CUST-2101,Christopher Hill,39,Chennai,False,POL-3101,Zero Depreciation,60000,2026-04-17,2027-04-17,False,Windscreen Damage,False,True,False,False,VEH-4101,Two-Wheeler,12,True,1,False,0.8,0,complete,True,False,False
CLM-1334,7190.3,2026-08-25,Windscreen Damage,12000,CUST-2334,Rhonda Hernandez,58,Trichy,True,POL-3334,Third-Party Motor,96000,2026-05-17,2027-05-17,False,Windscreen Damage,False,True,False,False,VEH-4334,Two-Wheeler,6,True,0,False,0.5,0,complete,True,False,False
CLM-1475,61364.54,2026-06-24,Collision,55000,CUST-2475,Ronald Dyer,52,Madurai,False,POL-3475,Third-Party Motor,440000,2026-05-15,2027-05-15,False,Collision,True,True,False,False,VEH-4475,SUV,4,True,1,False,0.4,0,complete,True,False,False
CLM-1336,229650.83,2024-10-18,Fire,150000,CUST-2336,Mrs. Catherine Davis DDS,54,Trichy,True,POL-3336,Third-Party Motor,1200000,2022-11-28,2023-11-28,False,Fire,True,True,False,False,VEH-4336,Hatchback,14,True,1,False,0.5,0,complete,True,False,False
CLM-1440,237586.39,2023-08-21,Fire,150000,CUST-2440,Denise Bass,36,Trichy,True,POL-3440,Zero Depreciation,1200000,2022-02-03,2023-02-03,False,Fire,True,True,False,False,VEH-4440,Hatchback,10,True,1,False,0.9,0,complete,True,False,False
CLM-1173,9869.53,2024-06-24,Windscreen Damage,12000,CUST-2173,Mary Watts,23,Hyderabad,False,POL-3173,Third-Party Motor,96000,2023-01-22,2024-01-22,False,Windscreen Damage,False,True,False,False,VEH-4173,Truck,3,True,1,False,0.8,0,complete,True,False,False
CLM-1002,39281.5,2023-03-26,Windscreen Damage,12000,CUST-2002,Barbara Mosley,25,Chennai,False,POL-3002,Comprehensive Motor,96000,2023-03-24,2024-03-23,False,Windscreen Damage,False,False,False,True,VEH-4002,Sedan,6,False,4,False,3.2,0,incomplete,False,False,True
CLM-1333,5905.06,2024-04-10,Windscreen Damage,12000,CUST-2333,Kelly Perez,36,Trichy,True,POL-3333,Comprehensive Motor,60000,2023-10-12,2024-10-11,True,Windscreen Damage,False,True,False,False,VEH-4333,Two-Wheeler,13,True,1,False,0.2,0,complete,True,False,False
CLM-1409,167407.84,2025-01-05,Natural Calamity,120000,CUST-2409,Dustin Williams,23,Chennai,False,POL-3409,Zero Depreciation,360000,2024-03-21,2025-03-21,False,Natural Calamity,False,True,False,False,VEH-4409,SUV,1,True,0,False,0.7,0,complete,True,False,False
CLM-1070,475085.78,2026-06-23,Natural Calamity,120000,CUST-2070,Robert Gordon,23,Trichy,True,POL-3070,Third-Party Motor,360000,2026-06-01,2027-06-01,True,Natural Calamity,False,True,False,False,VEH-4070,Hatchback,6,False,5,False,4.0,2,complete,True,False,True
CLM-1209,164710.91,2025-05-19,Fire,150000,CUST-2209,Timothy Arroyo,49,Bengaluru,False,POL-3209,Third-Party Motor,1200000,2022-07-22,2023-07-22,False,Fire,True,True,False,False,VEH-4209,Hatchback,7,True,0,False,0.0,0,complete,True,False,False
CLM-1063,339399.66,2024-06-25,Natural Calamity,120000,CUST-2063,Kathleen Christian,31,Bengaluru,False,POL-3063,Comprehensive Motor,960000,2024-06-23,2025-06-23,True,Natural Calamity,False,False,False,False,VEH-4063,SUV,12,False,3,False,2.2,1,complete,True,False,True
CLM-1384,9375.2,2022-11-18,Windscreen Damage,12000,CUST-2384,Megan Campos,52,Hyderabad,False,POL-3384,Zero Depreciation,96000,2022-10-09,2023-10-09,False,Windscreen Damage,False,True,False,False,VEH-4384,Sedan,1,True,1,False,0.5,0,complete,True,False,False
CLM-1093,37954.91,2025-01-11,Windscreen Damage,12000,CUST-2093,Juan Montgomery,22,Bengaluru,False,POL-3093,Third-Party Motor,96000,2024-12-23,2025-12-23,False,Windscreen Damage,False,True,True,False,VEH-4093,Hatchback,12,True,2,False,2.9,2,complete,False,False,True
CLM-1485,117190.89,2025-10-20,Total Loss,250000,CUST-2485,Tammy Wade,52,Chennai,False,POL-3485,Third-Party Motor,2000000,2025-02-28,2026-02-28,False,Total Loss,True,True,False,False,VEH-4485,Truck,4,True,1,False,1.0,0,complete,True,False,False
CLM-1185,50314.54,2026-02-27,Theft,90000,CUST-2185,Jason Williams,51,Salem,True,POL-3185,Third-Party Motor,270000,2025-10-28,2026-10-28,False,Theft,True,True,False,False,VEH-4185,Two-Wheeler,0,True,0,False,1.0,0,complete,True,False,False
CLM-1033,606332.53,2023-04-29,Fire,150000,CUST-2033,Cynthia Allen,51,Trichy,True,POL-3033,Comprehensive Motor,750000,2023-04-06,2024-04-05,False,Fire,True,True,False,False,VEH-4033,Truck,8,True,2,False,3.2,2,incomplete,True,False,True
CLM-1077,488100.4,2025-03-30,Fire,150000,CUST-2077,Erica Daugherty,49,Madurai,False,POL-3077,Comprehensive Motor,750000,2025-03-26,2026-03-26,False,Fire,True,False,False,False,VEH-4077,Two-Wheeler,9,False,3,False,3.1,0,incomplete,False,False,True
CLM-1000,477611.87,2023-07-29,Natural Calamity,120000,CUST-2000,Rachel Thomas,37,Bengaluru,False,POL-3000,Comprehensive Motor,360000,2023-07-18,2024-07-17,True,Natural Calamity,False,False,False,True,VEH-4000,Sedan,7,False,3,True,3.2,2,incomplete,False,False,True
CLM-1011,42179.69,2024-01-10,Windscreen Damage,12000,CUST-2011,Joseph Page,47,Coimbatore,False,POL-3011,Comprehensive Motor,96000,2023-12-29,2024-12-28,False,Windscreen Damage,False,False,True,True,VEH-4011,SUV,4,False,5,False,2.3,0,incomplete,True,False,True
CLM-1415,101418.57,2026-04-27,Fire,150000,CUST-2415,Robert Rivers,19,Trichy,True,POL-3415,Zero Depreciation,450000,2026-01-30,2027-01-30,False,Fire,True,True,False,False,VEH-4415,Truck,13,True,0,False,1.2,0,complete,True,False,False
CLM-1022,578321.12,2026-01-25,Total Loss,250000,CUST-2022,Alexis Briggs,68,Bengaluru,False,POL-3022,Comprehensive Motor,2000000,2026-01-16,2027-01-16,False,Total Loss,True,True,False,False,VEH-4022,Two-Wheeler,3,True,5,False,1.8,1,incomplete,False,False,True
CLM-1072,1091384.84,2025-09-16,Total Loss,250000,CUST-2072,Nicholas Franklin,55,Chennai,False,POL-3072,Comprehensive Motor,1250000,2025-09-13,2026-09-13,False,Total Loss,True,False,False,True,VEH-4072,Hatchback,13,False,2,True,1.8,2,incomplete,True,False,True
CLM-1182,77021.04,2026-07-27,Natural Calamity,120000,CUST-2182,Christopher Nelson,25,Chennai,False,POL-3182,Third-Party Motor,960000,2026-04-07,2027-04-07,False,Natural Calamity,False,True,False,False,VEH-4182,Sedan,13,True,0,False,1.0,0,complete,True,False,False
CLM-1131,75058.12,2026-05-05,Natural Calamity,120000,CUST-2131,Jodi Sanchez,44,Coimbatore,False,POL-3131,Third-Party Motor,600000,2025-12-10,2026-12-10,False,Natural Calamity,False,True,False,False,VEH-4131,Two-Wheeler,0,True,1,False,0.1,0,complete,True,False,False
CLM-1410,159516.17,2024-09-16,Natural Calamity,120000,CUST-2410,Sandra Smith,32,Chennai,False,POL-3410,Zero Depreciation,600000,2022-04-03,2023-04-03,False,Natural Calamity,False,True,False,False,VEH-4410,Hatchback,8,True,1,False,0.1,0,complete,True,False,False
CLM-1193,322871.89,2025-12-30,Total Loss,250000,CUST-2193,Garrett Fleming,57,Hyderabad,False,POL-3193,Zero Depreciation,2000000,2025-11-05,2026-11-05,False,Total Loss,True,True,False,False,VEH-4193,Sedan,0,True,0,False,0.3,0,complete,True,False,False
CLM-1055,31510.95,2022-06-14,Windscreen Damage,12000,CUST-2055,Leslie Jones,21,Chennai,False,POL-3055,Zero Depreciation,36000,2022-05-31,2023-05-31,False,Windscreen Damage,False,True,True,True,VEH-4055,Two-Wheeler,4,False,3,False,3.1,0,complete,False,False,True
CLM-1148,161969.01,2024-10-28,Natural Calamity,120000,CUST-2148,Crystal Rodriguez,42,Hyderabad,False,POL-3148,Zero Depreciation,960000,2024-07-18,2025-07-18,True,Natural Calamity,False,True,False,False,VEH-4148,SUV,6,True,0,False,0.1,0,complete,True,False,False
CLM-1018,651893.01,2024-06-16,Fire,150000,CUST-2018,Jason Velazquez,49,Salem,True,POL-3018,Zero Depreciation,750000,2024-05-27,2025-05-27,True,Fire,True,False,False,False,VEH-4018,SUV,11,True,3,True,3.5,1,complete,False,False,True
CLM-1204,18992.94,2026-01-13,Windscreen Damage,12000,CUST-2204,Danielle Nelson,20,Bengaluru,False,POL-3204,Comprehensive Motor,36000,2023-04-24,2024-04-23,False,Windscreen Damage,False,True,False,False,VEH-4204,SUV,14,True,0,False,1.1,0,complete,True,False,False
CLM-1078,164353.28,2025-01-12,Collision,55000,CUST-2078,James Greene,52,Salem,True,POL-3078,Comprehensive Motor,440000,2025-01-07,2026-01-07,False,Collision,True,False,False,False,VEH-4078,Truck,11,False,2,True,3.6,2,complete,False,False,True
CLM-1494,91380.89,2024-10-16,Natural Calamity,120000,CUST-2494,Jacob Dominguez,59,Hyderabad,False,POL-3494,Third-Party Motor,360000,2024-05-31,2025-05-31,False,Natural Calamity,False,True,False,False,VEH-4494,Truck,4,True,0,False,1.2,0,complete,True,False,False
CLM-1262,161495.23,2026-01-15,Fire,150000,CUST-2262,Erica Smith,19,Hyderabad,False,POL-3262,Third-Party Motor,450000,2025-07-08,2026-07-08,False,Fire,True,True,False,False,VEH-4262,Two-Wheeler,10,True,0,False,0.1,0,complete,True,False,False
CLM-1323,17795.86,2024-02-13,Windscreen Damage,12000,CUST-2323,Daniel Cook,51,Coimbatore,False,POL-3323,Zero Depreciation,36000,2023-05-27,2024-05-26,False,Windscreen Damage,False,True,False,False,VEH-4323,SUV,9,True,1,False,1.0,0,complete,True,False,False
CLM-1483,63184.75,2025-03-17,Theft,90000,CUST-2483,Rebecca Brooks,25,Trichy,True,POL-3483,Third-Party Motor,450000,2024-03-26,2025-03-26,False,Theft,True,True,False,False,VEH-4483,Truck,14,True,1,False,0.6,0,complete,True,False,False
CLM-1079,365108.59,2022-06-11,Natural Calamity,120000,CUST-2079,Allison Jones,39,Madurai,False,POL-3079,Third-Party Motor,600000,2022-05-24,2023-05-24,False,Natural Calamity,False,False,False,True,VEH-4079,Hatchback,10,False,3,False,2.9,1,complete,False,False,True
CLM-1039,49511.75,2025-10-23,Windscreen Damage,12000,CUST-2039,Christopher Fox,56,Chennai,False,POL-3039,Zero Depreciation,96000,2025-10-11,2026-10-11,True,Windscreen Damage,False,True,True,True,VEH-4039,Truck,0,True,2,False,1.7,0,complete,True,False,True
CLM-1451,133636.95,2026-06-20,Total Loss,250000,CUST-2451,Andrea Wright,25,Hyderabad,False,POL-3451,Zero Depreciation,1250000,2025-11-30,2026-11-30,False,Total Loss,True,True,False,False,VEH-4451,Sedan,0,True,0,False,0.6,0,complete,True,False,False
CLM-1046,53497.84,2024-10-08,Windscreen Damage,12000,CUST-2046,Laurie Wilson,56,Bengaluru,False,POL-3046,Zero Depreciation,36000,2024-09-23,2025-09-23,False,Windscreen Damage,False,False,False,True,VEH-4046,Two-Wheeler,7,False,5,False,3.4,1,incomplete,False,False,True
CLM-1238,55447.89,2026-02-22,Natural Calamity,120000,CUST-2238,Donna Benjamin,46,Salem,True,POL-3238,Comprehensive Motor,360000,2025-09-09,2026-09-09,False,Natural Calamity,False,True,False,True,VEH-4238,Two-Wheeler,14,True,1,False,0.3,0,complete,True,False,False
CLM-1391,227623.8,2024-07-26,Fire,150000,CUST-2391,Cynthia Ray,52,Trichy,True,POL-3391,Third-Party Motor,450000,2022-08-19,2023-08-19,False,Fire,True,True,False,False,VEH-4391,Truck,10,True,0,False,0.2,0,complete,True,False,False
CLM-1352,8238.51,2022-09-19,Windscreen Damage,12000,CUST-2352,Samantha Robinson,38,Madurai,False,POL-3352,Third-Party Motor,60000,2022-02-17,2023-02-17,False,Windscreen Damage,False,True,False,False,VEH-4352,Truck,10,True,1,False,0.3,0,complete,True,False,False
CLM-1341,160867.3,2025-12-07,Fire,150000,CUST-2341,Dr. Christopher Benjamin MD,23,Chennai,False,POL-3341,Comprehensive Motor,1200000,2022-04-04,2023-04-04,False,Fire,True,True,False,False,VEH-4341,Sedan,14,True,0,False,0.4,0,complete,True,False,False
CLM-1277,360716.14,2026-08-05,Total Loss,250000,CUST-2277,Alexander Baird,62,Bengaluru,False,POL-3277,Zero Depreciation,750000,2026-02-22,2027-02-22,False,Total Loss,True,True,False,False,VEH-4277,Hatchback,2,True,1,False,0.0,0,complete,True,False,False
CLM-1290,5756.14,2024-10-15,Windscreen Damage,12000,CUST-2290,Kurt Bryant,64,Hyderabad,False,POL-3290,Comprehensive Motor,36000,2024-06-14,2025-06-14,False,Windscreen Damage,False,True,False,True,VEH-4290,Two-Wheeler,12,True,1,False,1.0,0,complete,True,False,False
CLM-1317,17524.79,2025-10-13,Windscreen Damage,12000,CUST-2317,Travis Schaefer,60,Hyderabad,False,POL-3317,Zero Depreciation,60000,2023-12-24,2024-12-23,False,Windscreen Damage,False,True,False,False,VEH-4317,Sedan,11,True,1,False,0.6,0,complete,True,False,False
CLM-1304,329596.37,2024-05-24,Total Loss,250000,CUST-2304,Mrs. Diana West,21,Hyderabad,False,POL-3304,Third-Party Motor,750000,2022-05-19,2023-05-19,False,Total Loss,True,True,False,True,VEH-4304,Sedan,1,True,1,False,1.1,0,complete,True,False,False
CLM-1268,369512.62,2023-04-10,Total Loss,250000,CUST-2268,Jennifer Marks,24,Salem,True,POL-3268,Third-Party Motor,1250000,2022-11-05,2023-11-05,False,Total Loss,True,True,False,True,VEH-4268,Two-Wheeler,3,True,1,False,0.8,0,complete,True,False,False
CLM-1069,146564.14,2026-05-27,Collision,55000,CUST-2069,Eric Santiago,24,Coimbatore,False,POL-3069,Zero Depreciation,440000,2026-05-22,2027-05-22,False,Collision,True,False,False,True,VEH-4069,Hatchback,13,True,3,True,2.7,1,incomplete,False,False,True
CLM-1455,88809.36,2026-03-14,Theft,90000,CUST-2455,Daniel Daniels,34,Hyderabad,False,POL-3455,Zero Depreciation,720000,2022-06-15,2023-06-15,False,Theft,True,True,False,True,VEH-4455,SUV,12,True,0,False,0.0,0,complete,True,False,False
CLM-1465,13434.51,2026-07-21,Windscreen Damage,12000,CUST-2465,Amanda Fisher,46,Coimbatore,False,POL-3465,Comprehensive Motor,96000,2025-05-24,2026-05-24,False,Windscreen Damage,False,True,False,False,VEH-4465,Hatchback,7,True,0,False,0.1,0,complete,True,False,False
CLM-1154,7326.66,2022-09-27,Windscreen Damage,12000,CUST-2154,Steven Davidson,34,Coimbatore,False,POL-3154,Zero Depreciation,36000,2022-02-22,2023-02-22,False,Windscreen Damage,False,True,False,True,VEH-4154,SUV,12,True,0,False,0.3,0,complete,True,False,False
CLM-1082,779813.78,2024-05-28,Total Loss,250000,CUST-2082,Jennifer Burns,46,Trichy,True,POL-3082,Comprehensive Motor,1250000,2024-05-11,2025-05-11,False,Total Loss,True,False,False,True,VEH-4082,Two-Wheeler,12,False,4,False,2.5,0,complete,False,False,True
CLM-1477,90782.85,2025-04-03,Theft,90000,CUST-2477,Deborah Mills,42,Coimbatore,False,POL-3477,Third-Party Motor,270000,2024-10-06,2025-10-06,True,Theft,True,True,False,False,VEH-4477,SUV,7,True,0,False,0.5,0,complete,True,False,False
CLM-1172,7514.84,2025-06-29,Windscreen Damage,12000,CUST-2172,Crystal Todd,26,Coimbatore,False,POL-3172,Third-Party Motor,96000,2023-11-12,2024-11-11,False,Windscreen Damage,False,True,False,False,VEH-4172,Two-Wheeler,11,True,0,False,1.2,0,complete,True,False,False
CLM-1321,6899.99,2025-06-19,Windscreen Damage,12000,CUST-2321,David Williams,27,Salem,True,POL-3321,Comprehensive Motor,60000,2022-11-11,2023-11-11,False,Windscreen Damage,False,True,False,False,VEH-4321,Two-Wheeler,5,True,1,False,0.3,0,complete,True,False,False
CLM-1090,279657.67,2023-06-02,Theft,90000,CUST-2090,Christopher Wolfe,57,Madurai,False,POL-3090,Third-Party Motor,720000,2023-05-15,2024-05-14,True,Theft,True,False,True,True,VEH-4090,Truck,9,False,4,False,3.4,0,incomplete,False,False,True
CLM-1180,104225.95,2026-08-23,Fire,150000,CUST-2180,Misty Perez,24,Bengaluru,False,POL-3180,Third-Party Motor,750000,2026-01-11,2027-01-11,False,Fire,True,True,False,False,VEH-4180,Truck,3,True,1,False,0.0,0,complete,True,False,False
CLM-1414,78738.9,2024-05-13,Collision,55000,CUST-2414,Jennifer Morgan,37,Bengaluru,False,POL-3414,Comprehensive Motor,165000,2023-12-14,2024-12-13,False,Collision,True,True,False,True,VEH-4414,Two-Wheeler,9,True,0,False,0.5,0,complete,True,False,False
CLM-1312,167151.48,2025-11-29,Natural Calamity,120000,CUST-2312,Lisa Gilbert,61,Coimbatore,False,POL-3312,Third-Party Motor,960000,2023-01-18,2024-01-18,False,Natural Calamity,False,True,False,False,VEH-4312,Truck,8,True,0,False,0.7,0,complete,True,False,False
CLM-1278,141369.27,2024-03-20,Natural Calamity,120000,CUST-2278,Sean Harris,34,Coimbatore,False,POL-3278,Zero Depreciation,600000,2022-02-07,2023-02-07,False,Natural Calamity,False,True,False,False,VEH-4278,Truck,6,True,0,False,0.2,0,complete,True,False,False
CLM-1381,169765.9,2023-06-19,Total Loss,250000,CUST-2381,Cheryl Smith,38,Coimbatore,False,POL-3381,Zero Depreciation,2000000,2022-10-09,2023-10-09,False,Total Loss,True,True,False,False,VEH-4381,Two-Wheeler,9,True,1,False,0.1,0,complete,True,False,False
CLM-1472,74504.66,2025-10-03,Collision,55000,CUST-2472,Donna Atkinson,45,Trichy,True,POL-3472,Comprehensive Motor,440000,2024-06-01,2025-06-01,False,Collision,True,True,False,True,VEH-4472,Hatchback,8,True,0,False,0.9,0,complete,True,False,False
CLM-1362,211993.55,2025-05-13,Fire,150000,CUST-2362,Jennifer Ponce,28,Salem,True,POL-3362,Comprehensive Motor,750000,2024-11-21,2025-11-21,False,Fire,True,True,False,False,VEH-4362,Truck,2,True,1,False,0.9,0,complete,True,False,False
CLM-1324,147431.36,2025-10-29,Natural Calamity,120000,CUST-2324,Nicole Cummings,26,Salem,True,POL-3324,Third-Party Motor,360000,2024-03-03,2025-03-03,False,Natural Calamity,False,True,False,False,VEH-4324,Hatchback,0,True,1,False,1.1,0,complete,True,False,False
CLM-1431,199713.14,2024-06-02,Total Loss,250000,CUST-2431,Lauren White,28,Hyderabad,False,POL-3431,Third-Party Motor,2000000,2024-01-30,2025-01-29,False,Total Loss,True,True,False,False,VEH-4431,Sedan,10,True,0,False,0.4,0,complete,True,False,False
CLM-1347,167732.56,2025-08-08,Total Loss,250000,CUST-2347,Eric Webb,31,Hyderabad,False,POL-3347,Comprehensive Motor,2000000,2024-01-29,2025-01-28,False,Total Loss,True,True,False,False,VEH-4347,Truck,8,True,0,False,1.0,0,complete,True,False,False
CLM-1086,423368.09,2025-10-03,Fire,150000,CUST-2086,Elizabeth Roach,52,Trichy,True,POL-3086,Zero Depreciation,750000,2025-09-11,2026-09-11,False,Fire,True,False,False,False,VEH-4086,Truck,11,True,2,False,1.8,1,incomplete,False,False,True
CLM-1075,197928.35,2023-07-10,Collision,55000,CUST-2075,Sheila Diaz,65,Salem,True,POL-3075,Comprehensive Motor,165000,2023-06-28,2024-06-27,False,Collision,True,False,False,True,VEH-4075,SUV,12,False,5,True,2.8,1,incomplete,False,False,True
CLM-1438,193630.82,2024-12-20,Total Loss,250000,CUST-2438,Jillian Henson,22,Madurai,False,POL-3438,Zero Depreciation,2000000,2024-08-12,2025-08-12,False,Total Loss,True,True,False,False,VEH-4438,SUV,14,True,1,False,1.2,0,complete,True,False,False
CLM-1015,143677.44,2022-05-31,Collision,55000,CUST-2015,Corey Kelly,30,Coimbatore,False,POL-3015,Third-Party Motor,440000,2022-05-16,2023-05-16,True,Collision,True,False,True,True,VEH-4015,SUV,2,False,4,True,2.0,2,incomplete,False,False,True
CLM-1249,65581.87,2024-04-03,Theft,90000,CUST-2249,Christopher Jones,38,Coimbatore,False,POL-3249,Third-Party Motor,270000,2023-11-03,2024-11-02,False,Theft,True,True,False,False,VEH-4249,Hatchback,13,True,0,False,0.0,0,complete,True,False,False
CLM-1433,77696.99,2026-07-23,Fire,150000,CUST-2433,Paul Carter,61,Trichy,True,POL-3433,Comprehensive Motor,1200000,2026-04-09,2027-04-09,False,Fire,True,True,False,False,VEH-4433,Sedan,8,True,1,False,0.1,0,complete,True,False,False
CLM-1019,787228.65,2024-10-16,Total Loss,250000,CUST-2019,Carla Wilson,24,Salem,True,POL-3019,Comprehensive Motor,750000,2024-10-07,2025-10-07,False,Total Loss,True,True,True,False,VEH-4019,Hatchback,14,False,5,False,3.1,1,incomplete,True,False,True
CLM-1322,268994.87,2025-10-27,Total Loss,250000,CUST-2322,Jason Barnett,68,Salem,True,POL-3322,Comprehensive Motor,1250000,2022-10-09,2023-10-09,False,Total Loss,True,True,False,False,VEH-4322,Truck,5,True,1,False,0.8,0,complete,True,False,False
CLM-1332,309017.48,2026-03-29,Total Loss,250000,CUST-2332,Teresa Lewis,33,Bengaluru,False,POL-3332,Zero Depreciation,1250000,2024-09-07,2025-09-07,False,Total Loss,True,True,False,True,VEH-4332,Truck,12,True,1,False,0.1,0,complete,True,False,False
CLM-1056,487015.66,2022-06-03,Fire,150000,CUST-2056,Robin Savage,39,Coimbatore,False,POL-3056,Comprehensive Motor,750000,2022-05-21,2023-05-21,True,Fire,True,False,False,True,VEH-4056,SUV,7,False,5,True,1.6,0,incomplete,True,True,True
CLM-1301,160057.93,2025-12-12,Fire,150000,CUST-2301,Elizabeth Nelson,53,Bengaluru,False,POL-3301,Comprehensive Motor,1200000,2025-09-30,2026-09-30,False,Fire,True,True,False,False,VEH-4301,Truck,8,True,0,False,0.4,0,complete,True,False,False
CLM-1229,41116.23,2025-09-28,Theft,90000,CUST-2229,Mackenzie Vasquez,40,Hyderabad,False,POL-3229,Third-Party Motor,450000,2024-07-17,2025-07-17,False,Theft,True,True,False,False,VEH-4229,Truck,10,True,1,False,0.3,0,complete,True,False,False
CLM-1331,267275.05,2025-08-20,Total Loss,250000,CUST-2331,Donna Jones,50,Trichy,True,POL-3331,Zero Depreciation,750000,2025-06-07,2026-06-07,False,Total Loss,True,True,False,False,VEH-4331,Truck,2,True,0,False,0.9,0,complete,True,False,False
CLM-1132,231000.25,2026-04-06,Total Loss,250000,CUST-2132,Andrew Oconnell,68,Chennai,False,POL-3132,Comprehensive Motor,1250000,2026-01-17,2027-01-17,False,Total Loss,True,True,False,False,VEH-4132,SUV,14,True,0,False,0.6,0,complete,True,False,False
CLM-1137,75600.12,2026-05-14,Collision,55000,CUST-2137,Marie Mills,29,Bengaluru,False,POL-3137,Third-Party Motor,275000,2022-09-16,2023-09-16,False,Collision,True,True,False,False,VEH-4137,Two-Wheeler,7,True,0,False,0.6,0,complete,True,False,False
CLM-1423,169972.56,2024-07-17,Fire,150000,CUST-2423,Gregory Wallace,24,Hyderabad,False,POL-3423,Zero Depreciation,750000,2023-10-19,2024-10-18,False,Fire,True,True,False,False,VEH-4423,Two-Wheeler,3,True,0,False,0.7,0,complete,True,False,False
CLM-1335,82393.87,2025-01-20,Fire,150000,CUST-2335,Jose Johnson,39,Madurai,False,POL-3335,Comprehensive Motor,450000,2024-10-26,2025-10-26,False,Fire,True,True,False,True,VEH-4335,Hatchback,5,True,1,False,0.4,0,complete,True,False,False
CLM-1025,333085.58,2025-07-24,Theft,90000,CUST-2025,Eric Rogers,50,Hyderabad,False,POL-3025,Comprehensive Motor,720000,2025-07-04,2026-07-04,False,Theft,True,False,True,True,VEH-4025,Two-Wheeler,14,False,4,True,3.1,1,incomplete,True,False,True
CLM-1464,84855.23,2024-03-03,Natural Calamity,120000,CUST-2464,David Wilson,29,Bengaluru,False,POL-3464,Zero Depreciation,360000,2023-12-10,2024-12-09,True,Natural Calamity,False,True,False,True,VEH-4464,Sedan,14,True,1,False,0.9,0,complete,True,False,False
CLM-1281,191126.74,2026-06-05,Fire,150000,CUST-2281,Amanda Pugh,67,Bengaluru,False,POL-3281,Comprehensive Motor,1200000,2023-11-21,2024-11-20,True,Fire,True,True,False,False,VEH-4281,Two-Wheeler,14,True,0,False,0.1,0,complete,True,False,False
CLM-1247,71451.34,2026-04-03,Natural Calamity,120000,CUST-2247,Robert Lloyd,50,Salem,True,POL-3247,Third-Party Motor,360000,2025-09-28,2026-09-28,False,Natural Calamity,False,True,False,False,VEH-4247,Two-Wheeler,6,True,0,False,0.6,0,complete,True,False,False
CLM-1237,70981.34,2026-06-06,Theft,90000,CUST-2237,Kevin Gates,25,Hyderabad,False,POL-3237,Zero Depreciation,720000,2025-06-27,2026-06-27,False,Theft,True,True,False,False,VEH-4237,Truck,0,True,1,False,0.6,0,complete,True,False,False
CLM-1117,168197.9,2025-12-07,Natural Calamity,120000,CUST-2117,Adrian Burton,47,Salem,True,POL-3117,Zero Depreciation,360000,2022-09-05,2023-09-05,False,Natural Calamity,False,True,False,False,VEH-4117,SUV,13,True,0,False,0.2,0,complete,True,False,False
CLM-1042,775729.31,2022-06-06,Total Loss,250000,CUST-2042,Kevin Hurley,33,Hyderabad,False,POL-3042,Comprehensive Motor,2000000,2022-06-04,2023-06-04,True,Total Loss,True,False,False,True,VEH-4042,Truck,2,True,5,False,2.6,2,incomplete,True,False,True
CLM-1220,62572.63,2025-07-20,Collision,55000,CUST-2220,Michael Gibbs,55,Hyderabad,False,POL-3220,Third-Party Motor,440000,2024-01-12,2025-01-11,False,Collision,True,True,False,False,VEH-4220,Truck,6,True,0,False,0.7,0,complete,True,False,False
CLM-1176,65459.73,2026-05-19,Collision,55000,CUST-2176,Douglas Sparks,35,Salem,True,POL-3176,Zero Depreciation,165000,2023-11-11,2024-11-10,False,Collision,True,True,False,False,VEH-4176,Hatchback,12,True,1,False,0.0,0,complete,True,False,False
CLM-1320,52531.6,2026-07-29,Collision,55000,CUST-2320,Scott Weber,35,Trichy,True,POL-3320,Comprehensive Motor,275000,2026-05-14,2027-05-14,False,Collision,True,True,False,False,VEH-4320,Hatchback,6,True,1,False,0.1,0,complete,True,False,False
CLM-1153,230872.83,2025-11-19,Fire,150000,CUST-2153,Jason Mcdonald,28,Madurai,False,POL-3153,Third-Party Motor,450000,2022-06-14,2023-06-14,False,Fire,True,True,False,False,VEH-4153,Two-Wheeler,10,True,0,False,0.5,0,complete,True,False,False
CLM-1231,47736.03,2023-01-30,Theft,90000,CUST-2231,Lindsey Watson,39,Chennai,False,POL-3231,Comprehensive Motor,450000,2022-06-24,2023-06-24,False,Theft,True,True,False,False,VEH-4231,Truck,4,True,1,False,0.0,0,complete,True,False,False
CLM-1227,153612.94,2026-02-05,Fire,150000,CUST-2227,Patricia Mayo,52,Hyderabad,False,POL-3227,Comprehensive Motor,1200000,2025-12-08,2026-12-08,False,Fire,True,True,False,False,VEH-4227,Truck,3,True,1,False,1.0,0,complete,True,False,False
CLM-1417,194912.7,2025-08-20,Fire,150000,CUST-2417,Dawn Morales,65,Trichy,True,POL-3417,Comprehensive Motor,450000,2024-08-01,2025-08-01,False,Fire,True,True,False,False,VEH-4417,Truck,10,True,0,False,1.2,0,complete,True,False,False
CLM-1203,7735.59,2026-03-21,Windscreen Damage,12000,CUST-2203,Mark Santana,41,Bengaluru,False,POL-3203,Zero Depreciation,96000,2025-10-08,2026-10-08,False,Windscreen Damage,False,True,False,False,VEH-4203,SUV,14,True,1,False,0.6,0,complete,True,False,False
CLM-1126,118998.54,2023-09-08,Total Loss,250000,CUST-2126,Alexander Thomas,52,Bengaluru,False,POL-3126,Zero Depreciation,2000000,2023-07-20,2024-07-19,False,Total Loss,True,True,False,False,VEH-4126,SUV,2,True,0,False,0.7,0,complete,True,False,False
CLM-1329,136944.4,2024-01-08,Natural Calamity,120000,CUST-2329,Dawn Moore,49,Salem,True,POL-3329,Third-Party Motor,360000,2023-04-05,2024-04-04,False,Natural Calamity,False,True,False,False,VEH-4329,Hatchback,10,True,0,False,0.8,0,complete,True,False,False
CLM-1031,29452.24,2026-02-27,Windscreen Damage,12000,CUST-2031,Paul Sullivan,64,Hyderabad,False,POL-3031,Zero Depreciation,36000,2026-02-03,2027-02-03,False,Windscreen Damage,False,False,True,True,VEH-4031,Hatchback,10,True,2,False,2.2,2,complete,False,False,True
CLM-1113,10631.91,2026-04-30,Windscreen Damage,12000,CUST-2113,Angela Hartman,52,Trichy,True,POL-3113,Third-Party Motor,96000,2025-05-25,2026-05-25,False,Windscreen Damage,False,True,False,True,VEH-4113,SUV,8,True,1,False,1.0,0,complete,True,False,False
CLM-1470,98594.35,2025-11-17,Natural Calamity,120000,CUST-2470,Caitlin Garner,28,Madurai,False,POL-3470,Zero Depreciation,360000,2023-10-11,2024-10-10,False,Natural Calamity,False,True,False,False,VEH-4470,Hatchback,7,True,0,False,1.1,0,complete,True,False,False
CLM-1271,118189.22,2026-07-18,Total Loss,250000,CUST-2271,Katrina Martin,29,Madurai,False,POL-3271,Third-Party Motor,2000000,2026-05-06,2027-05-06,False,Total Loss,True,True,False,False,VEH-4271,SUV,2,True,0,False,0.4,0,complete,True,False,False
CLM-1140,8995.14,2026-07-29,Windscreen Damage,12000,CUST-2140,Angela Wright,61,Salem,True,POL-3140,Comprehensive Motor,36000,2025-07-13,2026-07-13,False,Windscreen Damage,False,True,False,False,VEH-4140,Truck,7,True,0,False,1.1,0,complete,True,False,False
CLM-1057,614440.46,2025-02-07,Total Loss,250000,CUST-2057,Jaclyn Hampton,35,Hyderabad,False,POL-3057,Third-Party Motor,1250000,2025-01-17,2026-01-17,False,Total Loss,True,False,True,True,VEH-4057,Hatchback,3,False,2,False,2.8,0,complete,False,False,True
CLM-1192,73332.7,2025-11-23,Fire,150000,CUST-2192,Michael Bailey,35,Coimbatore,False,POL-3192,Zero Depreciation,750000,2022-02-14,2023-02-14,False,Fire,True,True,False,False,VEH-4192,SUV,6,True,1,False,0.5,0,complete,True,False,False
CLM-1024,246141.98,2026-01-22,Theft,90000,CUST-2024,Jose Myers,35,Bengaluru,False,POL-3024,Comprehensive Motor,720000,2026-01-13,2027-01-13,False,Theft,True,False,False,True,VEH-4024,Truck,11,False,4,False,2.3,1,incomplete,True,False,True
CLM-1017,39884.92,2023-06-06,Windscreen Damage,12000,CUST-2017,Travis Munoz,40,Trichy,True,POL-3017,Third-Party Motor,96000,2023-05-21,2024-05-20,True,Windscreen Damage,False,False,False,True,VEH-4017,Hatchback,11,True,3,False,2.2,2,complete,False,False,True
CLM-1265,7050.6,2024-02-14,Windscreen Damage,12000,CUST-2265,Karen Fleming,63,Coimbatore,False,POL-3265,Comprehensive Motor,96000,2023-08-11,2024-08-10,False,Windscreen Damage,False,True,False,False,VEH-4265,Sedan,4,True,0,False,0.1,0,complete,True,False,False
CLM-1066,276463.91,2026-07-02,Theft,90000,CUST-2066,Hannah Martinez,24,Coimbatore,False,POL-3066,Third-Party Motor,450000,2026-06-19,2027-06-19,False,Theft,True,False,True,False,VEH-4066,Sedan,7,False,2,False,3.3,2,incomplete,True,False,True
CLM-1208,70167.04,2026-08-07,Theft,90000,CUST-2208,Matthew Savage,19,Coimbatore,False,POL-3208,Third-Party Motor,450000,2025-10-05,2026-10-05,False,Theft,True,True,False,True,VEH-4208,Truck,2,True,0,False,0.8,0,complete,True,False,False
CLM-1479,305574.23,2026-04-13,Total Loss,250000,CUST-2479,Max Vance,32,Bengaluru,False,POL-3479,Comprehensive Motor,2000000,2025-07-04,2026-07-04,False,Total Loss,True,True,False,False,VEH-4479,SUV,2,True,0,False,0.7,0,complete,True,False,False
CLM-1094,1064344.11,2026-01-29,Total Loss,250000,CUST-2094,Shannon Lopez,28,Hyderabad,False,POL-3094,Zero Depreciation,1250000,2026-01-13,2027-01-13,True,Total Loss,True,True,False,False,VEH-4094,Truck,6,False,5,False,3.7,0,complete,False,False,True
CLM-1253,198037.6,2026-07-05,Fire,150000,CUST-2253,Jeffrey Phillips,23,Madurai,False,POL-3253,Zero Depreciation,750000,2025-12-24,2026-12-24,False,Fire,True,True,False,False,VEH-4253,Truck,7,True,0,False,1.0,0,complete,True,False,False
CLM-1266,53836.82,2025-07-14,Collision,55000,CUST-2266,Rebecca Cardenas,52,Salem,True,POL-3266,Zero Depreciation,440000,2024-02-27,2025-02-26,False,Collision,True,True,False,False,VEH-4266,Two-Wheeler,13,True,1,False,0.1,0,complete,True,False,False
CLM-1023,551656.73,2022-09-05,Fire,150000,CUST-2023,Deanna Powell,26,Coimbatore,False,POL-3023,Zero Depreciation,750000,2022-08-17,2023-08-17,False,Fire,True,False,False,True,VEH-4023,SUV,0,False,4,False,2.8,0,incomplete,False,False,True
CLM-1222,187602.04,2025-09-24,Natural Calamity,120000,CUST-2222,James Olson,56,Madurai,False,POL-3222,Third-Party Motor,360000,2025-08-10,2026-08-10,False,Natural Calamity,False,True,False,False,VEH-4222,Two-Wheeler,10,True,0,False,0.4,0,complete,True,False,False
CLM-1261,124368.55,2026-07-02,Theft,90000,CUST-2261,Angela Calderon,24,Hyderabad,False,POL-3261,Third-Party Motor,720000,2025-02-28,2026-02-28,False,Theft,True,True,False,False,VEH-4261,Truck,14,True,0,False,0.7,0,complete,True,False,False
CLM-1426,233624.62,2026-08-18,Fire,150000,CUST-2426,Nicole Gordon,50,Coimbatore,False,POL-3426,Comprehensive Motor,750000,2025-08-10,2026-08-10,False,Fire,True,True,False,False,VEH-4426,Truck,6,True,0,False,0.1,0,complete,True,False,False
CLM-1005,312590.94,2022-11-29,Theft,90000,CUST-2005,Aaron Morgan,33,Coimbatore,False,POL-3005,Third-Party Motor,450000,2022-11-15,2023-11-15,True,Theft,True,False,False,True,VEH-4005,Truck,12,True,5,False,1.6,0,incomplete,False,False,True
CLM-1116,81597.28,2025-12-09,Collision,55000,CUST-2116,Michael Ayala,33,Hyderabad,False,POL-3116,Zero Depreciation,165000,2025-07-08,2026-07-08,False,Collision,True,True,False,True,VEH-4116,Two-Wheeler,0,True,0,False,1.1,0,complete,True,False,False
CLM-1045,328582.27,2023-07-03,Theft,90000,CUST-2045,Brendan Best,33,Madurai,False,POL-3045,Comprehensive Motor,450000,2023-06-28,2024-06-27,False,Theft,True,True,False,True,VEH-4045,Truck,6,False,2,True,2.0,1,incomplete,False,False,True
CLM-1016,297625.77,2024-11-01,Natural Calamity,120000,CUST-2016,Peter Chavez,66,Bengaluru,False,POL-3016,Comprehensive Motor,960000,2024-10-19,2025-10-19,True,Natural Calamity,False,False,False,True,VEH-4016,SUV,8,False,5,True,3.0,2,incomplete,False,False,True
CLM-1462,316137.75,2026-05-08,Total Loss,250000,CUST-2462,Joseph Cooper,37,Trichy,True,POL-3462,Zero Depreciation,2000000,2025-03-06,2026-03-06,False,Total Loss,True,True,False,False,VEH-4462,Hatchback,8,True,1,False,0.6,0,complete,True,False,False
CLM-1357,214901.44,2024-02-11,Fire,150000,CUST-2357,Ann Rubio,19,Salem,True,POL-3357,Third-Party Motor,750000,2023-08-15,2024-08-14,False,Fire,True,True,False,False,VEH-4357,Hatchback,6,True,0,False,0.3,0,complete,True,False,False
CLM-1003,561085.83,2026-01-17,Fire,150000,CUST-2003,Amanda Rodriguez,26,Trichy,True,POL-3003,Zero Depreciation,1200000,2026-01-06,2027-01-06,True,Fire,True,False,True,False,VEH-4003,Sedan,9,False,2,True,3.3,2,complete,False,True,True
CLM-1218,377488.74,2023-02-23,Total Loss,250000,CUST-2218,Travis Ortiz,29,Coimbatore,False,POL-3218,Zero Depreciation,1250000,2022-02-02,2023-02-02,False,Total Loss,True,True,False,False,VEH-4218,Hatchback,14,True,1,False,0.0,0,complete,True,False,False
CLM-1405,113342.14,2024-11-03,Theft,90000,CUST-2405,Heather Bean,24,Trichy,True,POL-3405,Zero Depreciation,720000,2022-12-03,2023-12-03,False,Theft,True,True,False,False,VEH-4405,Two-Wheeler,11,True,1,False,1.1,0,complete,True,False,False
CLM-1060,250632.54,2023-03-31,Theft,90000,CUST-2060,Brendan Parker,30,Salem,True,POL-3060,Third-Party Motor,450000,2023-03-08,2024-03-07,False,Theft,True,True,False,False,VEH-4060,SUV,4,False,4,False,3.0,1,complete,False,False,True
CLM-1110,51451.73,2023-09-22,Natural Calamity,120000,CUST-2110,Ruth Edwards,50,Coimbatore,False,POL-3110,Comprehensive Motor,960000,2023-04-05,2024-04-04,False,Natural Calamity,False,True,False,False,VEH-4110,Two-Wheeler,7,True,1,False,0.6,0,complete,True,False,False
CLM-1318,249580.01,2026-03-23,Total Loss,250000,CUST-2318,Angela Hernandez,55,Bengaluru,False,POL-3318,Comprehensive Motor,1250000,2025-07-29,2026-07-29,False,Total Loss,True,True,False,False,VEH-4318,Sedan,0,True,0,False,0.8,0,complete,True,False,False
CLM-1428,14029.62,2024-09-11,Windscreen Damage,12000,CUST-2428,Megan Baker,20,Madurai,False,POL-3428,Zero Depreciation,60000,2023-05-09,2024-05-08,False,Windscreen Damage,False,True,False,False,VEH-4428,Hatchback,10,True,0,False,0.4,0,complete,True,False,False
CLM-1029,176394.86,2025-01-05,Collision,55000,CUST-2029,Sherry Price,67,Hyderabad,False,POL-3029,Comprehensive Motor,165000,2024-12-26,2025-12-26,False,Collision,True,False,True,False,VEH-4029,Truck,12,False,2,False,2.9,2,incomplete,False,False,True
CLM-1437,155841.63,2026-01-29,Total Loss,250000,CUST-2437,Alexandra Cruz,65,Madurai,False,POL-3437,Third-Party Motor,1250000,2024-12-28,2025-12-28,False,Total Loss,True,True,False,True,VEH-4437,SUV,11,True,0,False,0.4,0,complete,True,False,False
CLM-1471,76237.02,2026-03-27,Collision,55000,CUST-2471,Bethany Hopkins,53,Madurai,False,POL-3471,Third-Party Motor,275000,2024-01-08,2025-01-07,False,Collision,True,True,False,False,VEH-4471,Sedan,6,True,0,False,0.2,0,complete,True,False,False
CLM-1026,359150.16,2024-02-28,Fire,150000,CUST-2026,Stanley Webster,49,Trichy,True,POL-3026,Comprehensive Motor,1200000,2024-02-05,2025-02-04,False,Fire,True,False,True,True,VEH-4026,Two-Wheeler,10,False,4,False,3.9,0,incomplete,False,False,True
CLM-1007,950384.22,2025-01-14,Total Loss,250000,CUST-2007,Steven Russell,54,Madurai,False,POL-3007,Zero Depreciation,1250000,2025-01-03,2026-01-03,False,Total Loss,True,True,False,False,VEH-4007,Sedan,7,False,2,False,2.3,1,incomplete,True,False,True
CLM-1453,225448.78,2024-10-25,Fire,150000,CUST-2453,Michael White,36,Hyderabad,False,POL-3453,Third-Party Motor,750000,2023-12-27,2024-12-26,False,Fire,True,True,False,False,VEH-4453,Two-Wheeler,4,True,1,False,0.4,0,complete,True,False,False
CLM-1108,394643.29,2026-02-09,Total Loss,250000,CUST-2108,Sharon Anderson,25,Coimbatore,False,POL-3108,Third-Party Motor,1250000,2023-11-23,2024-11-22,False,Total Loss,True,True,False,False,VEH-4108,Hatchback,9,True,1,False,0.5,0,complete,True,False,False
CLM-1037,243049.11,2023-05-28,Theft,90000,CUST-2037,Logan Jones,52,Madurai,False,POL-3037,Zero Depreciation,450000,2023-05-13,2024-05-12,False,Theft,True,False,False,False,VEH-4037,Two-Wheeler,8,False,4,False,1.6,0,incomplete,True,False,True
CLM-1157,126193.59,2025-02-04,Theft,90000,CUST-2157,April Anderson,69,Bengaluru,False,POL-3157,Third-Party Motor,450000,2024-10-04,2025-10-04,True,Theft,True,True,False,False,VEH-4157,Two-Wheeler,5,True,0,False,0.3,0,complete,True,False,False
CLM-1489,86020.85,2026-07-29,Natural Calamity,120000,CUST-2489,Scott Parker,63,Madurai,False,POL-3489,Zero Depreciation,360000,2026-06-05,2027-06-05,True,Natural Calamity,False,True,False,False,VEH-4489,Hatchback,1,True,1,False,0.2,0,complete,True,False,False
CLM-1118,219169.99,2024-05-08,Total Loss,250000,CUST-2118,Julia Hall,59,Bengaluru,False,POL-3118,Third-Party Motor,2000000,2024-01-29,2025-01-28,False,Total Loss,True,True,False,False,VEH-4118,Two-Wheeler,6,True,1,False,0.1,0,complete,True,False,False
CLM-1114,173482.91,2025-12-07,Natural Calamity,120000,CUST-2114,Benjamin Williams,29,Coimbatore,False,POL-3114,Comprehensive Motor,360000,2022-08-10,2023-08-10,False,Natural Calamity,False,True,False,True,VEH-4114,Sedan,9,True,1,False,0.5,0,complete,True,False,False
CLM-1175,17522.83,2025-12-13,Windscreen Damage,12000,CUST-2175,Daniel Griffith,49,Hyderabad,False,POL-3175,Zero Depreciation,60000,2025-08-28,2026-08-28,False,Windscreen Damage,False,True,False,False,VEH-4175,Truck,3,True,1,False,0.4,0,complete,True,False,False
CLM-1373,118391.22,2024-10-23,Total Loss,250000,CUST-2373,Joshua Adams,35,Madurai,False,POL-3373,Zero Depreciation,1250000,2023-10-05,2024-10-04,False,Total Loss,True,True,False,False,VEH-4373,Truck,9,True,0,False,0.7,0,complete,True,False,False
CLM-1181,193919.05,2025-01-03,Fire,150000,CUST-2181,Lori White,51,Chennai,False,POL-3181,Zero Depreciation,450000,2023-04-26,2024-04-25,False,Fire,True,True,False,False,VEH-4181,Sedan,0,True,1,False,0.6,0,complete,True,False,False
CLM-1144,124945.9,2026-04-20,Fire,150000,CUST-2144,Melissa Harris,65,Salem,True,POL-3144,Comprehensive Motor,450000,2026-02-24,2027-02-24,False,Fire,True,True,False,False,VEH-4144,Two-Wheeler,2,True,0,False,0.6,0,complete,True,False,False
CLM-1369,64840.4,2026-03-29,Natural Calamity,120000,CUST-2369,Michael Rowe,30,Trichy,True,POL-3369,Third-Party Motor,360000,2025-10-26,2026-10-26,False,Natural Calamity,False,True,False,False,VEH-4369,Two-Wheeler,4,True,0,False,0.1,0,complete,True,False,False
CLM-1390,126531.63,2026-05-28,Total Loss,250000,CUST-2390,Tim Dominguez,25,Salem,True,POL-3390,Zero Depreciation,750000,2024-12-09,2025-12-09,False,Total Loss,True,True,False,False,VEH-4390,Truck,14,True,0,False,0.2,0,complete,True,False,False
CLM-1195,280599.09,2025-11-30,Total Loss,250000,CUST-2195,Jessica Mcintosh,43,Trichy,True,POL-3195,Zero Depreciation,2000000,2025-06-25,2026-06-25,False,Total Loss,True,True,False,False,VEH-4195,Hatchback,10,True,1,False,0.9,0,complete,True,False,False
CLM-1404,138454.62,2025-07-01,Total Loss,250000,CUST-2404,Madison Singh,53,Chennai,False,POL-3404,Zero Depreciation,2000000,2022-05-07,2023-05-07,False,Total Loss,True,True,False,False,VEH-4404,Sedan,13,True,0,False,0.6,0,complete,True,False,False
CLM-1275,46020.83,2026-06-18,Theft,90000,CUST-2275,Matthew House,44,Bengaluru,False,POL-3275,Third-Party Motor,450000,2025-12-01,2026-12-01,False,Theft,True,True,False,False,VEH-4275,SUV,0,True,0,False,0.7,0,complete,True,False,False
CLM-1454,74925.85,2025-12-07,Collision,55000,CUST-2454,Erika Reese,40,Madurai,False,POL-3454,Third-Party Motor,440000,2025-03-03,2026-03-03,False,Collision,True,True,False,False,VEH-4454,SUV,13,True,1,False,0.6,0,complete,True,False,False
CLM-1141,74629.72,2023-12-14,Theft,90000,CUST-2141,Kelsey Garcia,34,Coimbatore,False,POL-3141,Zero Depreciation,270000,2022-06-24,2023-06-24,False,Theft,True,True,False,False,VEH-4141,Hatchback,3,True,0,False,0.6,0,complete,True,False,False
CLM-1365,145078.04,2024-03-29,Natural Calamity,120000,CUST-2365,Damon Erickson,24,Madurai,False,POL-3365,Third-Party Motor,600000,2022-02-04,2023-02-04,False,Natural Calamity,False,True,False,False,VEH-4365,Two-Wheeler,9,True,1,False,0.6,0,complete,True,False,False
CLM-1067,202790.0,2024-01-19,Theft,90000,CUST-2067,Terry Anderson,49,Chennai,False,POL-3067,Zero Depreciation,450000,2023-12-26,2024-12-25,False,Theft,True,False,False,True,VEH-4067,Hatchback,0,False,5,False,3.3,1,complete,False,False,True
CLM-1210,11203.51,2024-10-07,Windscreen Damage,12000,CUST-2210,Elizabeth Jones,25,Bengaluru,False,POL-3210,Comprehensive Motor,60000,2024-01-29,2025-01-28,False,Windscreen Damage,False,True,False,False,VEH-4210,SUV,6,True,1,False,0.1,0,complete,True,False,False
CLM-1168,334251.51,2026-01-04,Total Loss,250000,CUST-2168,Patrick Obrien,28,Madurai,False,POL-3168,Third-Party Motor,2000000,2023-05-15,2024-05-14,False,Total Loss,True,True,False,False,VEH-4168,Truck,14,True,0,False,0.9,0,complete,True,False,False
CLM-1493,48967.07,2025-07-30,Natural Calamity,120000,CUST-2493,Troy Williams,50,Bengaluru,False,POL-3493,Comprehensive Motor,960000,2025-06-08,2026-06-08,False,Natural Calamity,False,True,False,False,VEH-4493,SUV,1,True,1,False,0.3,0,complete,True,False,False
CLM-1375,5375.23,2026-01-17,Windscreen Damage,12000,CUST-2375,John Carter,49,Coimbatore,False,POL-3375,Comprehensive Motor,36000,2025-02-16,2026-02-16,False,Windscreen Damage,False,True,False,False,VEH-4375,Hatchback,11,True,1,False,0.0,0,complete,True,False,False
CLM-1400,70115.21,2025-11-12,Natural Calamity,120000,CUST-2400,Michael Valenzuela,29,Coimbatore,False,POL-3400,Zero Depreciation,360000,2024-01-23,2025-01-22,False,Natural Calamity,False,True,False,False,VEH-4400,Sedan,11,True,0,False,0.2,0,complete,True,False,False
CLM-1272,107141.35,2024-02-22,Fire,150000,CUST-2272,Adrian Johnson,69,Bengaluru,False,POL-3272,Zero Depreciation,750000,2023-11-17,2024-11-16,False,Fire,True,True,False,False,VEH-4272,Sedan,9,True,0,False,0.5,0,complete,True,False,False
CLM-1109,338425.17,2025-03-06,Total Loss,250000,CUST-2109,William Lee,63,Hyderabad,False,POL-3109,Third-Party Motor,750000,2022-06-17,2023-06-17,False,Total Loss,True,True,False,False,VEH-4109,Truck,10,True,0,False,1.0,0,complete,True,False,False
CLM-1248,37525.47,2023-04-09,Theft,90000,CUST-2248,Darryl Lawrence,57,Chennai,False,POL-3248,Zero Depreciation,450000,2022-01-16,2023-01-16,True,Theft,True,True,False,True,VEH-4248,Truck,13,True,0,False,0.3,0,complete,True,False,False
CLM-1145,93193.94,2023-06-02,Natural Calamity,120000,CUST-2145,Patrick Mason,34,Bengaluru,False,POL-3145,Third-Party Motor,360000,2022-06-16,2023-06-16,False,Natural Calamity,False,True,False,False,VEH-4145,Hatchback,10,True,1,False,0.3,0,complete,True,False,False
CLM-1092,324940.23,2025-03-03,Natural Calamity,120000,CUST-2092,Martin Ashley,49,Chennai,False,POL-3092,Third-Party Motor,360000,2025-02-15,2026-02-15,True,Natural Calamity,False,False,False,True,VEH-4092,Two-Wheeler,13,False,5,False,3.3,0,incomplete,False,False,True
CLM-1152,44746.3,2026-04-16,Collision,55000,CUST-2152,Geoffrey Higgins,57,Coimbatore,False,POL-3152,Zero Depreciation,275000,2025-12-04,2026-12-04,False,Collision,True,True,False,False,VEH-4152,Truck,8,True,1,False,0.4,0,complete,True,False,False
CLM-1367,19070.4,2026-08-21,Windscreen Damage,12000,CUST-2367,Vincent Molina,21,Hyderabad,False,POL-3367,Zero Depreciation,96000,2026-05-09,2027-05-09,False,Windscreen Damage,False,True,False,False,VEH-4367,SUV,2,True,1,False,0.2,0,complete,True,False,False
CLM-1467,9281.61,2025-05-25,Windscreen Damage,12000,CUST-2467,Andrew Morales,59,Salem,True,POL-3467,Third-Party Motor,36000,2024-02-08,2025-02-07,False,Windscreen Damage,False,True,False,False,VEH-4467,Hatchback,2,True,0,False,0.0,0,complete,True,False,False
CLM-1083,356214.71,2023-09-15,Natural Calamity,120000,CUST-2083,Nicholas Garrison,42,Salem,True,POL-3083,Zero Depreciation,960000,2023-09-09,2024-09-08,False,Natural Calamity,False,False,True,True,VEH-4083,Hatchback,9,False,3,False,3.8,2,incomplete,False,False,True
CLM-1245,6584.71,2025-03-03,Windscreen Damage,12000,CUST-2245,Troy Espinoza,60,Madurai,False,POL-3245,Zero Depreciation,36000,2024-04-28,2025-04-28,False,Windscreen Damage,False,True,False,True,VEH-4245,Truck,4,True,0,False,0.3,0,complete,True,False,False
CLM-1165,131855.15,2023-11-26,Fire,150000,CUST-2165,Dana Roberts,58,Trichy,True,POL-3165,Zero Depreciation,1200000,2023-09-29,2024-09-28,False,Fire,True,True,False,False,VEH-4165,Hatchback,6,True,1,False,0.0,0,complete,True,False,False
CLM-1163,162632.7,2026-08-28,Natural Calamity,120000,CUST-2163,Brenda Todd,32,Trichy,True,POL-3163,Comprehensive Motor,360000,2023-07-01,2024-06-30,False,Natural Calamity,False,True,False,False,VEH-4163,Truck,9,True,0,False,1.1,0,complete,True,False,False
CLM-1199,103677.04,2025-08-29,Theft,90000,CUST-2199,Tom Miller,57,Salem,True,POL-3199,Third-Party Motor,270000,2024-10-24,2025-10-24,False,Theft,True,True,False,False,VEH-4199,Two-Wheeler,4,True,0,False,0.4,0,complete,True,False,False
CLM-1228,64689.44,2025-09-12,Natural Calamity,120000,CUST-2228,Anthony Fox,28,Hyderabad,False,POL-3228,Zero Depreciation,600000,2023-03-17,2024-03-16,False,Natural Calamity,False,True,False,False,VEH-4228,Two-Wheeler,13,True,0,False,0.6,0,complete,True,False,False
CLM-1074,375455.42,2025-01-07,Fire,150000,CUST-2074,Beverly Martin,25,Hyderabad,False,POL-3074,Zero Depreciation,450000,2025-01-03,2026-01-03,True,Fire,True,True,False,True,VEH-4074,Truck,5,True,2,False,2.7,2,incomplete,False,False,True
CLM-1478,139060.97,2026-06-23,Theft,90000,CUST-2478,Daniel Smith,45,Madurai,False,POL-3478,Third-Party Motor,270000,2023-09-06,2024-09-05,False,Theft,True,True,False,False,VEH-4478,Truck,4,True,0,False,1.0,0,complete,True,False,False
CLM-1358,160167.5,2026-07-13,Fire,150000,CUST-2358,Lisa Fernandez,40,Coimbatore,False,POL-3358,Zero Depreciation,1200000,2025-06-30,2026-06-30,False,Fire,True,True,False,False,VEH-4358,Truck,7,True,1,False,1.0,0,complete,True,False,False
CLM-1250,10346.42,2025-09-15,Windscreen Damage,12000,CUST-2250,Billy Guerra,30,Trichy,True,POL-3250,Comprehensive Motor,96000,2024-02-18,2025-02-17,False,Windscreen Damage,False,True,False,True,VEH-4250,Truck,5,True,1,False,0.4,0,complete,True,False,False
CLM-1119,89190.81,2025-10-23,Natural Calamity,120000,CUST-2119,Michael Wright,55,Hyderabad,False,POL-3119,Comprehensive Motor,360000,2024-05-10,2025-05-10,False,Natural Calamity,False,True,False,False,VEH-4119,SUV,1,True,0,False,1.2,0,complete,True,False,False
CLM-1310,57475.51,2026-06-24,Collision,55000,CUST-2310,Michelle Alexander,68,Coimbatore,False,POL-3310,Third-Party Motor,440000,2026-05-19,2027-05-19,False,Collision,True,True,False,False,VEH-4310,Hatchback,9,True,0,False,0.1,0,complete,True,False,False
CLM-1299,238424.03,2025-08-23,Fire,150000,CUST-2299,Michael Horton,47,Salem,True,POL-3299,Zero Depreciation,1200000,2025-03-23,2026-03-23,False,Fire,True,True,False,True,VEH-4299,Sedan,5,True,1,False,0.3,0,complete,True,False,False
CLM-1255,16308.81,2024-01-15,Windscreen Damage,12000,CUST-2255,Frank Jones,33,Madurai,False,POL-3255,Comprehensive Motor,60000,2022-08-05,2023-08-05,False,Windscreen Damage,False,True,False,True,VEH-4255,SUV,11,True,1,False,0.7,0,complete,True,False,False
CLM-1354,24121.86,2026-05-29,Collision,55000,CUST-2354,Alexa Cook,20,Salem,True,POL-3354,Third-Party Motor,275000,2025-09-01,2026-09-01,False,Collision,True,True,False,False,VEH-4354,SUV,5,True,1,False,1.0,0,complete,True,False,False
CLM-1399,81173.95,2026-07-26,Theft,90000,CUST-2399,Elizabeth Brooks,63,Salem,True,POL-3399,Zero Depreciation,450000,2025-12-11,2026-12-11,False,Theft,True,True,False,False,VEH-4399,Truck,9,True,0,False,0.4,0,complete,True,False,False
CLM-1225,142629.76,2026-02-17,Theft,90000,CUST-2225,Dwayne Dougherty,36,Bengaluru,False,POL-3225,Zero Depreciation,720000,2025-04-13,2026-04-13,False,Theft,True,True,False,False,VEH-4225,SUV,12,True,1,False,0.2,0,complete,True,False,False
CLM-1353,217632.93,2025-11-05,Fire,150000,CUST-2353,Sandra Wright,60,Trichy,True,POL-3353,Comprehensive Motor,450000,2025-04-09,2026-04-09,False,Fire,True,True,False,False,VEH-4353,Truck,12,True,0,False,1.2,0,complete,True,False,False
CLM-1234,5120.67,2025-10-21,Windscreen Damage,12000,CUST-2234,Kaitlyn Barnes,44,Salem,True,POL-3234,Third-Party Motor,36000,2023-10-02,2024-10-01,False,Windscreen Damage,False,True,False,False,VEH-4234,Sedan,9,True,1,False,0.9,0,complete,True,False,False
CLM-1382,110109.83,2026-02-13,Natural Calamity,120000,CUST-2382,Gregory Boyd,42,Trichy,True,POL-3382,Comprehensive Motor,960000,2022-04-14,2023-04-14,False,Natural Calamity,False,True,False,False,VEH-4382,Two-Wheeler,12,True,0,False,0.4,0,complete,True,False,False
CLM-1274,162288.86,2025-10-21,Natural Calamity,120000,CUST-2274,Nicholas Hayes,59,Coimbatore,False,POL-3274,Comprehensive Motor,960000,2022-06-16,2023-06-16,False,Natural Calamity,False,True,False,False,VEH-4274,Two-Wheeler,0,True,0,False,0.5,0,complete,True,False,False
CLM-1036,381211.45,2024-10-04,Fire,150000,CUST-2036,Denise West,51,Bengaluru,False,POL-3036,Third-Party Motor,1200000,2024-09-21,2025-09-21,False,Fire,True,True,False,False,VEH-4036,Hatchback,6,True,4,True,2.7,1,incomplete,True,False,True
CLM-1196,180722.64,2026-07-04,Natural Calamity,120000,CUST-2196,Eric Smith,49,Chennai,False,POL-3196,Zero Depreciation,360000,2025-07-09,2026-07-09,False,Natural Calamity,False,True,False,False,VEH-4196,Hatchback,7,True,0,False,0.6,0,complete,True,False,False
CLM-1139,181775.95,2025-01-29,Total Loss,250000,CUST-2139,Lisa Williams,29,Coimbatore,False,POL-3139,Comprehensive Motor,750000,2024-09-05,2025-09-05,False,Total Loss,True,True,False,False,VEH-4139,Hatchback,4,True,1,False,0.1,0,complete,True,False,False
CLM-1364,210729.03,2026-06-07,Fire,150000,CUST-2364,Sierra White,44,Hyderabad,False,POL-3364,Zero Depreciation,750000,2024-11-09,2025-11-09,False,Fire,True,True,False,False,VEH-4364,SUV,1,True,0,False,1.1,0,complete,True,False,False
CLM-1244,162951.11,2026-02-03,Fire,150000,CUST-2244,Angela Gardner,47,Chennai,False,POL-3244,Zero Depreciation,1200000,2023-07-12,2024-07-11,False,Fire,True,True,False,True,VEH-4244,Sedan,3,True,0,False,1.1,0,complete,True,False,False
CLM-1439,14745.32,2026-02-26,Windscreen Damage,12000,CUST-2439,James Torres,49,Coimbatore,False,POL-3439,Comprehensive Motor,36000,2023-10-03,2024-10-02,False,Windscreen Damage,False,True,False,True,VEH-4439,SUV,12,True,1,False,0.1,0,complete,True,False,False
CLM-1286,124083.2,2026-06-30,Total Loss,250000,CUST-2286,Michelle Phillips,25,Madurai,False,POL-3286,Third-Party Motor,1250000,2026-04-25,2027-04-25,False,Total Loss,True,True,False,False,VEH-4286,Two-Wheeler,3,True,0,False,1.2,0,complete,True,False,False
CLM-1059,124957.36,2022-08-11,Collision,55000,CUST-2059,Michael Sanchez,27,Chennai,False,POL-3059,Third-Party Motor,440000,2022-08-08,2023-08-08,False,Collision,True,True,False,False,VEH-4059,Hatchback,6,False,4,False,2.1,1,complete,False,False,True
CLM-1111,46864.44,2025-09-05,Collision,55000,CUST-2111,Daniel Ruiz,45,Trichy,True,POL-3111,Comprehensive Motor,165000,2022-02-11,2023-02-11,True,Collision,True,True,False,False,VEH-4111,Sedan,14,True,1,False,0.7,0,complete,True,False,False
CLM-1089,26414.32,2024-05-09,Windscreen Damage,12000,CUST-2089,Gabriel Riggs,46,Madurai,False,POL-3089,Comprehensive Motor,96000,2024-04-28,2025-04-28,False,Windscreen Damage,False,True,False,False,VEH-4089,Two-Wheeler,8,False,5,False,1.6,2,complete,True,False,True
CLM-1436,171614.57,2024-12-23,Natural Calamity,120000,CUST-2436,Michael Adams,60,Trichy,True,POL-3436,Zero Depreciation,960000,2024-03-23,2025-03-23,False,Natural Calamity,False,True,False,False,VEH-4436,Two-Wheeler,2,True,0,False,0.0,0,complete,True,False,False
CLM-1006,191464.57,2024-01-25,Collision,55000,CUST-2006,Lauren Gutierrez,27,Chennai,False,POL-3006,Third-Party Motor,440000,2024-01-06,2025-01-05,False,Collision,True,True,False,True,VEH-4006,Sedan,10,True,5,False,2.5,1,incomplete,True,False,True
CLM-1360,60487.31,2026-03-04,Fire,150000,CUST-2360,Aaron Luna,49,Trichy,True,POL-3360,Comprehensive Motor,750000,2025-05-18,2026-05-18,False,Fire,True,True,False,False,VEH-4360,SUV,4,True,1,False,0.7,0,complete,True,False,False
CLM-1346,194024.36,2026-05-02,Fire,150000,CUST-2346,Krista Grimes,46,Hyderabad,False,POL-3346,Third-Party Motor,1200000,2026-01-11,2027-01-11,False,Fire,True,True,False,False,VEH-4346,Hatchback,6,True,0,False,1.1,0,complete,True,False,False
CLM-1338,98576.1,2026-01-05,Natural Calamity,120000,CUST-2338,Jason Crawford,23,Trichy,True,POL-3338,Third-Party Motor,960000,2025-07-04,2026-07-04,False,Natural Calamity,False,True,False,False,VEH-4338,Two-Wheeler,13,True,0,False,1.0,0,complete,True,False,False
CLM-1158,111593.29,2025-12-26,Total Loss,250000,CUST-2158,Roger Figueroa,26,Coimbatore,False,POL-3158,Third-Party Motor,750000,2025-10-04,2026-10-04,False,Total Loss,True,True,False,True,VEH-4158,Truck,3,True,0,False,0.6,0,complete,True,False,False
CLM-1150,36861.73,2024-05-29,Collision,55000,CUST-2150,Derrick Perez MD,25,Bengaluru,False,POL-3150,Comprehensive Motor,165000,2022-11-02,2023-11-02,False,Collision,True,True,False,False,VEH-4150,Two-Wheeler,11,True,0,False,1.0,0,complete,True,False,False
CLM-1177,11936.71,2026-03-21,Windscreen Damage,12000,CUST-2177,Susan Knight,20,Madurai,False,POL-3177,Zero Depreciation,36000,2022-02-01,2023-02-01,False,Windscreen Damage,False,True,False,False,VEH-4177,Sedan,11,True,1,False,0.1,0,complete,True,False,False
CLM-1393,124807.79,2026-02-18,Natural Calamity,120000,CUST-2393,Charles Clark,31,Salem,True,POL-3393,Third-Party Motor,360000,2025-10-13,2026-10-13,False,Natural Calamity,False,True,False,False,VEH-4393,SUV,12,True,0,False,0.8,0,complete,True,False,False
CLM-1184,163531.65,2025-05-23,Total Loss,250000,CUST-2184,Katie Phillips,23,Coimbatore,False,POL-3184,Third-Party Motor,750000,2024-02-07,2025-02-06,False,Total Loss,True,True,False,False,VEH-4184,Sedan,1,True,0,False,0.1,0,complete,True,False,False
CLM-1449,109364.2,2022-03-17,Fire,150000,CUST-2449,Joseph Payne,26,Madurai,False,POL-3449,Zero Depreciation,1200000,2022-02-02,2023-02-02,False,Fire,True,True,False,False,VEH-4449,Truck,2,True,0,False,1.0,0,complete,True,False,False
CLM-1010,648090.96,2022-08-18,Total Loss,250000,CUST-2010,Jane Palmer,43,Hyderabad,False,POL-3010,Comprehensive Motor,1250000,2022-07-26,2023-07-26,False,Total Loss,True,False,False,True,VEH-4010,Sedan,4,True,5,False,2.4,1,incomplete,False,False,True
CLM-1380,16131.95,2024-05-31,Windscreen Damage,12000,CUST-2380,Marcus Ortiz,37,Madurai,False,POL-3380,Zero Depreciation,96000,2023-03-15,2024-03-14,False,Windscreen Damage,False,True,False,False,VEH-4380,SUV,6,True,0,False,0.5,0,complete,True,False,False
CLM-1103,64775.84,2025-06-07,Fire,150000,CUST-2103,Veronica Beard,42,Trichy,True,POL-3103,Zero Depreciation,750000,2024-09-26,2025-09-26,False,Fire,True,True,False,False,VEH-4103,Two-Wheeler,3,True,1,False,0.9,0,complete,True,False,False
CLM-1081,377835.8,2023-11-07,Fire,150000,CUST-2081,Courtney Jenkins,50,Madurai,False,POL-3081,Zero Depreciation,1200000,2023-10-31,2024-10-30,False,Fire,True,False,False,True,VEH-4081,SUV,4,False,3,True,3.8,2,incomplete,False,False,True
CLM-1038,360998.47,2024-06-15,Theft,90000,CUST-2038,Michael Camacho,45,Bengaluru,False,POL-3038,Comprehensive Motor,450000,2024-06-01,2025-06-01,False,Theft,True,False,False,False,VEH-4038,Sedan,11,False,2,False,3.1,1,incomplete,False,False,True
CLM-1314,7579.56,2026-02-25,Windscreen Damage,12000,CUST-2314,Amanda Esparza,67,Salem,True,POL-3314,Third-Party Motor,60000,2023-01-05,2024-01-05,False,Windscreen Damage,False,True,False,False,VEH-4314,Sedan,5,True,0,False,1.1,0,complete,True,False,False
CLM-1167,172908.99,2026-07-28,Natural Calamity,120000,CUST-2167,Christina Chan,25,Bengaluru,False,POL-3167,Third-Party Motor,960000,2023-08-21,2024-08-20,False,Natural Calamity,False,True,False,False,VEH-4167,Hatchback,9,True,0,False,0.4,0,complete,True,False,False
CLM-1469,137967.73,2025-01-28,Theft,90000,CUST-2469,Ashley Gentry,37,Coimbatore,False,POL-3469,Comprehensive Motor,720000,2022-11-12,2023-11-12,True,Theft,True,True,False,False,VEH-4469,Sedan,6,True,0,False,0.3,0,complete,True,False,False
CLM-1296,50448.93,2026-03-27,Theft,90000,CUST-2296,Jessica Brown,48,Bengaluru,False,POL-3296,Zero Depreciation,450000,2025-05-31,2026-05-31,False,Theft,True,True,False,False,VEH-4296,Hatchback,10,True,0,False,1.0,0,complete,True,False,False
CLM-1474,146509.65,2026-08-05,Fire,150000,CUST-2474,Jennifer Ellis,33,Salem,True,POL-3474,Zero Depreciation,750000,2026-05-26,2027-05-26,False,Fire,True,True,False,False,VEH-4474,Sedan,10,True,1,False,0.8,0,complete,True,False,False
CLM-1198,70408.79,2024-11-25,Collision,55000,CUST-2198,Michael Alvarez,68,Bengaluru,False,POL-3198,Third-Party Motor,165000,2024-04-30,2025-04-30,False,Collision,True,True,False,False,VEH-4198,SUV,0,True,1,False,0.7,0,complete,True,False,False
CLM-1297,25118.52,2023-01-12,Collision,55000,CUST-2297,Robert Gonzales,57,Coimbatore,False,POL-3297,Comprehensive Motor,165000,2022-09-07,2023-09-07,False,Collision,True,True,False,True,VEH-4297,SUV,5,True,0,False,0.9,0,complete,True,False,False
CLM-1416,34164.46,2026-06-30,Collision,55000,CUST-2416,Travis Young,41,Bengaluru,False,POL-3416,Third-Party Motor,275000,2026-01-12,2027-01-12,False,Collision,True,True,False,False,VEH-4416,SUV,9,True,1,False,0.5,0,complete,True,False,False
CLM-1146,75881.47,2024-05-21,Theft,90000,CUST-2146,Jason Patrick,51,Trichy,True,POL-3146,Comprehensive Motor,450000,2022-01-06,2023-01-06,False,Theft,True,True,False,False,VEH-4146,Two-Wheeler,3,True,1,False,0.9,0,complete,True,False,False
CLM-1392,187378.57,2026-03-29,Natural Calamity,120000,CUST-2392,Michael Walls,63,Coimbatore,False,POL-3392,Zero Depreciation,360000,2026-01-11,2027-01-11,False,Natural Calamity,False,True,False,False,VEH-4392,Truck,0,True,1,False,1.1,0,complete,True,False,False
CLM-1147,172872.81,2023-07-25,Natural Calamity,120000,CUST-2147,Lee Soto,65,Coimbatore,False,POL-3147,Third-Party Motor,600000,2022-03-08,2023-03-08,False,Natural Calamity,False,True,False,False,VEH-4147,Two-Wheeler,12,True,1,False,1.2,0,complete,True,False,False
CLM-1447,46298.17,2022-12-24,Theft,90000,CUST-2447,Crystal Smith,49,Bengaluru,False,POL-3447,Comprehensive Motor,270000,2022-11-06,2023-11-06,False,Theft,True,True,False,False,VEH-4447,Hatchback,14,True,0,False,0.4,0,complete,True,False,False
CLM-1287,149639.69,2026-08-04,Fire,150000,CUST-2287,Laurie Flynn,26,Trichy,True,POL-3287,Third-Party Motor,450000,2023-02-13,2024-02-13,False,Fire,True,True,False,False,VEH-4287,Two-Wheeler,4,True,1,False,0.7,0,complete,True,False,False
CLM-1123,123230.83,2025-04-17,Total Loss,250000,CUST-2123,Christopher Holloway,50,Coimbatore,False,POL-3123,Comprehensive Motor,1250000,2024-07-12,2025-07-12,False,Total Loss,True,True,False,False,VEH-4123,Hatchback,12,True,0,False,0.9,0,complete,True,False,False
CLM-1368,117441.78,2025-12-23,Theft,90000,CUST-2368,Matthew Williams,45,Madurai,False,POL-3368,Zero Depreciation,720000,2022-12-16,2023-12-16,False,Theft,True,True,False,False,VEH-4368,Sedan,5,True,1,False,0.8,0,complete,True,False,False
CLM-1096,381891.65,2025-07-30,Theft,90000,CUST-2096,Alison Brown,45,Madurai,False,POL-3096,Zero Depreciation,450000,2025-07-07,2026-07-07,False,Theft,True,False,False,False,VEH-4096,SUV,10,False,4,True,1.8,0,incomplete,True,True,True
CLM-1143,194638.22,2026-02-25,Fire,150000,CUST-2143,Mrs. Veronica Higgins,31,Madurai,False,POL-3143,Third-Party Motor,750000,2023-09-01,2024-08-31,False,Fire,True,True,False,False,VEH-4143,Truck,4,True,1,False,1.0,0,complete,True,False,False
CLM-1239,136451.4,2025-09-19,Theft,90000,CUST-2239,Michele Parker,44,Hyderabad,False,POL-3239,Zero Depreciation,450000,2023-09-25,2024-09-24,False,Theft,True,True,False,False,VEH-4239,SUV,13,True,0,False,0.6,0,complete,True,False,False
CLM-1442,177199.21,2026-04-05,Total Loss,250000,CUST-2442,Dr. Timothy Gordon,66,Salem,True,POL-3442,Third-Party Motor,2000000,2023-05-19,2024-05-18,False,Total Loss,True,True,False,True,VEH-4442,Hatchback,7,True,1,False,0.2,0,complete,True,False,False
CLM-1097,37474.91,2023-05-04,Windscreen Damage,12000,CUST-2097,Dale Carson,38,Coimbatore,False,POL-3097,Zero Depreciation,60000,2023-04-26,2024-04-25,False,Windscreen Damage,False,False,False,False,VEH-4097,Sedan,14,True,3,False,2.9,2,incomplete,False,False,True
CLM-1407,62286.88,2024-12-07,Collision,55000,CUST-2407,Amy Harrison,46,Hyderabad,False,POL-3407,Third-Party Motor,165000,2022-04-24,2023-04-24,False,Collision,True,True,False,False,VEH-4407,Two-Wheeler,13,True,0,False,0.9,0,complete,True,False,False
CLM-1122,146928.91,2026-08-06,Fire,150000,CUST-2122,Renee Cook,24,Madurai,False,POL-3122,Third-Party Motor,750000,2026-02-06,2027-02-06,False,Fire,True,True,False,False,VEH-4122,Truck,6,True,0,False,0.5,0,complete,True,False,False
CLM-1183,86174.85,2023-12-04,Collision,55000,CUST-2183,Allison Ramos,27,Bengaluru,False,POL-3183,Comprehensive Motor,165000,2023-09-06,2024-09-05,False,Collision,True,True,False,False,VEH-4183,Truck,12,True,0,False,1.1,0,complete,True,False,False
CLM-1202,398056.76,2026-07-28,Total Loss,250000,CUST-2202,Amanda Williams,39,Chennai,False,POL-3202,Third-Party Motor,750000,2023-06-26,2024-06-25,False,Total Loss,True,True,False,False,VEH-4202,Sedan,14,True,0,False,0.6,0,complete,True,False,False
CLM-1246,228643.31,2024-04-17,Fire,150000,CUST-2246,William Gonzalez,43,Madurai,False,POL-3246,Third-Party Motor,1200000,2022-08-16,2023-08-16,False,Fire,True,True,False,False,VEH-4246,Sedan,9,True,0,False,0.9,0,complete,True,False,False
CLM-1305,138954.51,2026-06-10,Natural Calamity,120000,CUST-2305,Elizabeth Taylor,48,Bengaluru,False,POL-3305,Zero Depreciation,360000,2026-03-30,2027-03-30,False,Natural Calamity,False,True,False,False,VEH-4305,Sedan,13,True,1,False,0.9,0,complete,True,False,False
CLM-1298,5834.82,2025-07-04,Windscreen Damage,12000,CUST-2298,Kelly Peterson,34,Chennai,False,POL-3298,Third-Party Motor,96000,2022-08-16,2023-08-16,False,Windscreen Damage,False,True,False,True,VEH-4298,Two-Wheeler,8,True,1,False,0.9,0,complete,True,False,False
CLM-1351,170925.7,2025-10-08,Natural Calamity,120000,CUST-2351,Ann Jones,56,Hyderabad,False,POL-3351,Comprehensive Motor,960000,2022-11-23,2023-11-23,False,Natural Calamity,False,True,False,False,VEH-4351,SUV,11,True,1,False,0.2,0,complete,True,False,False
CLM-1386,174864.45,2022-12-01,Total Loss,250000,CUST-2386,David Aguilar,35,Bengaluru,False,POL-3386,Third-Party Motor,2000000,2022-05-02,2023-05-02,False,Total Loss,True,True,False,False,VEH-4386,SUV,1,True,1,False,0.3,0,complete,True,False,False
CLM-1395,145076.78,2025-08-31,Natural Calamity,120000,CUST-2395,Dylan Kirby,48,Trichy,True,POL-3395,Comprehensive Motor,360000,2024-09-04,2025-09-04,False,Natural Calamity,False,True,False,False,VEH-4395,Sedan,6,True,0,False,0.1,0,complete,True,False,False
CLM-1284,103394.42,2026-03-13,Natural Calamity,120000,CUST-2284,Anita Mccormick,24,Salem,True,POL-3284,Third-Party Motor,360000,2023-08-07,2024-08-06,False,Natural Calamity,False,True,False,False,VEH-4284,Hatchback,2,True,0,False,0.4,0,complete,True,False,False
CLM-1125,380853.08,2026-04-22,Total Loss,250000,CUST-2125,Jonathan Mitchell,26,Trichy,True,POL-3125,Third-Party Motor,1250000,2023-12-28,2024-12-27,False,Total Loss,True,True,False,True,VEH-4125,Hatchback,5,True,1,False,1.2,0,complete,True,False,False
CLM-1302,392377.12,2026-05-08,Total Loss,250000,CUST-2302,Michael Wagner,38,Salem,True,POL-3302,Zero Depreciation,2000000,2024-11-05,2025-11-05,False,Total Loss,True,True,False,True,VEH-4302,Sedan,6,True,0,False,0.6,0,complete,True,False,False
CLM-1223,18372.98,2025-06-09,Windscreen Damage,12000,CUST-2223,Melissa Caldwell,38,Bengaluru,False,POL-3223,Third-Party Motor,96000,2022-08-10,2023-08-10,False,Windscreen Damage,False,True,False,False,VEH-4223,Truck,9,True,0,False,0.9,0,complete,True,False,False
CLM-1418,174602.4,2022-11-23,Total Loss,250000,CUST-2418,Richard Johnson,49,Hyderabad,False,POL-3418,Zero Depreciation,2000000,2022-08-20,2023-08-20,False,Total Loss,True,True,False,False,VEH-4418,Hatchback,13,True,0,False,0.1,0,complete,True,False,False
CLM-1219,86066.87,2025-05-08,Collision,55000,CUST-2219,Christine James,50,Madurai,False,POL-3219,Zero Depreciation,440000,2024-12-13,2025-12-13,False,Collision,True,True,False,False,VEH-4219,Hatchback,0,True,1,False,0.7,0,complete,True,False,False
CLM-1129,72871.03,2026-04-20,Collision,55000,CUST-2129,John Moore,52,Madurai,False,POL-3129,Comprehensive Motor,275000,2025-11-17,2026-11-17,False,Collision,True,True,False,False,VEH-4129,SUV,2,True,0,False,0.6,0,complete,True,False,False
CLM-1420,167600.28,2025-12-01,Fire,150000,CUST-2420,Debbie Schmitt,22,Salem,True,POL-3420,Third-Party Motor,450000,2025-10-08,2026-10-08,False,Fire,True,True,False,False,VEH-4420,Sedan,6,True,1,False,0.3,0,complete,True,False,False
CLM-1289,72525.95,2023-06-14,Natural Calamity,120000,CUST-2289,Cole Todd DDS,55,Coimbatore,False,POL-3289,Comprehensive Motor,600000,2022-06-21,2023-06-21,False,Natural Calamity,False,True,False,False,VEH-4289,Two-Wheeler,0,True,0,False,0.1,0,complete,True,False,False
CLM-1444,12769.41,2026-08-08,Windscreen Damage,12000,CUST-2444,Dr. Christopher Fuller,48,Bengaluru,False,POL-3444,Comprehensive Motor,36000,2026-06-17,2027-06-17,False,Windscreen Damage,False,True,False,False,VEH-4444,Truck,10,True,0,False,0.8,0,complete,True,False,False
CLM-1376,230381.25,2026-08-21,Total Loss,250000,CUST-2376,Sheila Buckley,63,Trichy,True,POL-3376,Zero Depreciation,1250000,2025-11-14,2026-11-14,False,Total Loss,True,True,False,True,VEH-4376,SUV,13,True,0,False,0.3,0,complete,True,False,False
CLM-1291,17092.27,2024-08-08,Windscreen Damage,12000,CUST-2291,Marissa Morgan,59,Madurai,False,POL-3291,Comprehensive Motor,96000,2022-04-20,2023-04-20,False,Windscreen Damage,False,True,False,False,VEH-4291,SUV,4,True,0,False,0.3,0,complete,True,False,False
CLM-1355,206213.45,2024-04-25,Fire,150000,CUST-2355,Courtney Marshall,30,Madurai,False,POL-3355,Comprehensive Motor,1200000,2022-10-02,2023-10-02,False,Fire,True,True,False,False,VEH-4355,Sedan,4,True,0,False,0.9,0,complete,True,False,False
CLM-1294,81206.08,2025-02-13,Theft,90000,CUST-2294,Bridget Davis,54,Hyderabad,False,POL-3294,Third-Party Motor,720000,2024-08-25,2025-08-25,False,Theft,True,True,False,False,VEH-4294,Sedan,5,True,0,False,0.6,0,complete,True,False,False
CLM-1396,46102.19,2025-05-02,Collision,55000,CUST-2396,Patrick Lambert,55,Trichy,True,POL-3396,Third-Party Motor,275000,2024-07-03,2025-07-03,False,Collision,True,True,False,False,VEH-4396,SUV,10,True,0,False,0.7,0,complete,True,False,False
CLM-1340,130767.51,2026-07-18,Theft,90000,CUST-2340,Alyssa Newton,26,Salem,True,POL-3340,Zero Depreciation,450000,2026-01-15,2027-01-15,False,Theft,True,True,False,False,VEH-4340,Hatchback,14,True,1,False,0.3,0,complete,True,False,False
CLM-1112,59147.25,2025-11-20,Theft,90000,CUST-2112,Kara Shepherd,45,Bengaluru,False,POL-3112,Third-Party Motor,270000,2022-08-23,2023-08-23,False,Theft,True,True,False,True,VEH-4112,Hatchback,2,True,0,False,0.2,0,complete,True,False,False
CLM-1179,194292.24,2026-04-24,Fire,150000,CUST-2179,Richard Park,58,Chennai,False,POL-3179,Zero Depreciation,1200000,2023-11-04,2024-11-03,False,Fire,True,True,False,False,VEH-4179,Truck,6,True,1,False,1.1,0,complete,True,False,False
CLM-1307,15688.14,2023-03-12,Windscreen Damage,12000,CUST-2307,Nicholas Jackson,46,Trichy,True,POL-3307,Zero Depreciation,96000,2022-10-04,2023-10-04,False,Windscreen Damage,False,True,False,False,VEH-4307,Truck,10,True,0,False,1.2,0,complete,True,False,False
CLM-1432,126010.35,2026-01-31,Natural Calamity,120000,CUST-2432,Elizabeth Jones,30,Coimbatore,False,POL-3432,Comprehensive Motor,960000,2024-02-12,2025-02-11,False,Natural Calamity,False,True,False,False,VEH-4432,Hatchback,1,True,0,False,0.8,0,complete,True,False,False
CLM-1487,16631.23,2024-02-07,Windscreen Damage,12000,CUST-2487,Kristen Santiago,31,Hyderabad,False,POL-3487,Third-Party Motor,60000,2023-08-20,2024-08-19,False,Windscreen Damage,False,True,False,False,VEH-4487,Hatchback,6,True,1,False,0.7,0,complete,True,False,False
CLM-1481,5876.85,2025-02-28,Windscreen Damage,12000,CUST-2481,Shawna Harris DDS,22,Madurai,False,POL-3481,Zero Depreciation,60000,2023-11-06,2024-11-05,False,Windscreen Damage,False,True,False,False,VEH-4481,SUV,12,True,1,False,0.1,0,complete,True,False,False
CLM-1422,85624.9,2026-08-16,Collision,55000,CUST-2422,Timothy Moore,52,Coimbatore,False,POL-3422,Zero Depreciation,275000,2023-04-25,2024-04-24,False,Collision,True,True,False,False,VEH-4422,Hatchback,12,True,0,False,0.9,0,complete,True,False,False
CLM-1233,122069.63,2025-05-18,Fire,150000,CUST-2233,John Campbell,67,Chennai,False,POL-3233,Zero Depreciation,1200000,2024-04-21,2025-04-21,False,Fire,True,True,False,False,VEH-4233,SUV,12,True,1,False,0.5,0,complete,True,False,False
CLM-1311,303715.47,2025-05-15,Total Loss,250000,CUST-2311,Vanessa Williams,56,Hyderabad,False,POL-3311,Comprehensive Motor,1250000,2024-01-24,2025-01-23,False,Total Loss,True,True,False,False,VEH-4311,SUV,0,True,1,False,0.1,0,complete,True,False,False
CLM-1164,176418.51,2022-12-04,Total Loss,250000,CUST-2164,William Ramirez,39,Madurai,False,POL-3164,Zero Depreciation,2000000,2022-09-06,2023-09-06,False,Total Loss,True,True,False,False,VEH-4164,Truck,2,True,0,False,1.1,0,complete,True,False,False
CLM-1136,204302.09,2024-04-30,Total Loss,250000,CUST-2136,Matthew Martin,49,Salem,True,POL-3136,Zero Depreciation,750000,2022-09-17,2023-09-17,False,Total Loss,True,True,False,False,VEH-4136,Sedan,9,True,0,False,0.8,0,complete,True,False,False
CLM-1197,165074.84,2026-03-07,Total Loss,250000,CUST-2197,Matthew Moore,58,Salem,True,POL-3197,Comprehensive Motor,750000,2024-01-18,2025-01-17,True,Total Loss,True,True,False,False,VEH-4197,Truck,5,True,0,False,0.1,0,complete,True,False,False
CLM-1258,120361.74,2025-02-16,Natural Calamity,120000,CUST-2258,Anna Meza,58,Salem,True,POL-3258,Zero Depreciation,600000,2023-02-02,2024-02-02,False,Natural Calamity,False,True,False,False,VEH-4258,Sedan,6,True,0,False,0.3,0,complete,True,False,False
CLM-1232,75479.97,2025-09-15,Collision,55000,CUST-2232,Jordan Fox,51,Salem,True,POL-3232,Comprehensive Motor,440000,2022-05-03,2023-05-03,False,Collision,True,True,False,True,VEH-4232,SUV,5,True,0,False,0.6,0,complete,True,False,False
CLM-1115,398062.9,2026-04-24,Total Loss,250000,CUST-2115,Mary Greene,34,Madurai,False,POL-3115,Zero Depreciation,750000,2024-03-23,2025-03-23,True,Total Loss,True,True,False,False,VEH-4115,Two-Wheeler,8,True,1,False,1.2,0,complete,True,False,False
CLM-1120,16752.28,2026-08-23,Windscreen Damage,12000,CUST-2120,Cory Walker,66,Hyderabad,False,POL-3120,Zero Depreciation,36000,2024-07-30,2025-07-30,False,Windscreen Damage,False,True,False,True,VEH-4120,SUV,14,True,0,False,1.0,0,complete,True,False,False
CLM-1349,102342.44,2025-11-11,Theft,90000,CUST-2349,Cassandra Goodwin,48,Chennai,False,POL-3349,Comprehensive Motor,720000,2023-08-18,2024-08-17,False,Theft,True,True,False,False,VEH-4349,Hatchback,4,True,0,False,0.5,0,complete,True,False,False
CLM-1224,17064.8,2025-09-12,Windscreen Damage,12000,CUST-2224,Jason Cole,23,Coimbatore,False,POL-3224,Comprehensive Motor,36000,2025-05-30,2026-05-30,False,Windscreen Damage,False,True,False,False,VEH-4224,Sedan,3,True,1,False,0.7,0,complete,True,False,False
CLM-1402,18765.03,2025-09-15,Windscreen Damage,12000,CUST-2402,Lisa Sparks,36,Hyderabad,False,POL-3402,Third-Party Motor,36000,2025-01-05,2026-01-05,False,Windscreen Damage,False,True,False,False,VEH-4402,Two-Wheeler,1,True,1,False,0.7,0,complete,True,False,False
CLM-1397,300049.99,2023-08-12,Total Loss,250000,CUST-2397,Valerie King,31,Salem,True,POL-3397,Zero Depreciation,2000000,2022-01-24,2023-01-24,False,Total Loss,True,True,False,True,VEH-4397,Two-Wheeler,13,True,1,False,0.6,0,complete,True,False,False
CLM-1127,57801.66,2025-09-24,Theft,90000,CUST-2127,Thomas Lewis,67,Bengaluru,False,POL-3127,Comprehensive Motor,720000,2024-04-12,2025-04-12,False,Theft,True,True,False,False,VEH-4127,Sedan,9,True,1,False,1.0,0,complete,True,False,False
CLM-1285,149331.97,2026-08-24,Fire,150000,CUST-2285,Rachel Hull,39,Hyderabad,False,POL-3285,Third-Party Motor,450000,2026-05-26,2027-05-26,True,Fire,True,True,False,True,VEH-4285,Hatchback,0,True,1,False,1.1,0,complete,True,False,False
CLM-1411,176059.47,2025-02-11,Natural Calamity,120000,CUST-2411,Kelsey Galloway,55,Chennai,False,POL-3411,Zero Depreciation,360000,2022-05-22,2023-05-22,False,Natural Calamity,False,True,False,False,VEH-4411,Sedan,13,True,0,False,0.9,0,complete,True,False,False
CLM-1107,10192.28,2023-10-27,Windscreen Damage,12000,CUST-2107,Jean Wilson,47,Trichy,True,POL-3107,Third-Party Motor,60000,2022-04-13,2023-04-13,False,Windscreen Damage,False,True,False,False,VEH-4107,Hatchback,3,True,1,False,0.1,0,complete,True,False,False
CLM-1370,184539.32,2025-06-08,Fire,150000,CUST-2370,John Davis,46,Chennai,False,POL-3370,Comprehensive Motor,750000,2024-06-22,2025-06-22,False,Fire,True,True,False,False,VEH-4370,Sedan,10,True,0,False,0.6,0,complete,True,False,False
CLM-1325,103719.16,2024-11-19,Total Loss,250000,CUST-2325,Sharon Black,36,Madurai,False,POL-3325,Zero Depreciation,2000000,2023-03-16,2024-03-15,False,Total Loss,True,True,False,False,VEH-4325,SUV,7,True,0,False,0.6,0,complete,True,False,False
CLM-1133,61135.14,2024-05-15,Collision,55000,CUST-2133,George Martinez,69,Trichy,True,POL-3133,Zero Depreciation,440000,2023-01-28,2024-01-28,False,Collision,True,True,False,True,VEH-4133,Two-Wheeler,8,True,0,False,0.3,0,complete,True,False,False
CLM-1452,139043.69,2024-04-07,Theft,90000,CUST-2452,Susan Navarro,67,Salem,True,POL-3452,Comprehensive Motor,270000,2022-11-01,2023-11-01,False,Theft,True,True,False,False,VEH-4452,Sedan,4,True,0,False,0.4,0,complete,True,False,False
CLM-1044,297892.51,2023-04-02,Theft,90000,CUST-2044,Christine Bradford MD,24,Madurai,False,POL-3044,Third-Party Motor,270000,2023-03-14,2024-03-13,False,Theft,True,True,False,False,VEH-4044,Truck,7,False,4,False,2.8,2,incomplete,False,False,True
CLM-1460,65866.25,2025-10-25,Collision,55000,CUST-2460,Monique Gardner,61,Salem,True,POL-3460,Zero Depreciation,165000,2025-09-09,2026-09-09,False,Collision,True,True,False,False,VEH-4460,SUV,0,True,0,False,0.3,0,complete,True,False,False
CLM-1065,636931.47,2025-02-15,Fire,150000,CUST-2065,Brady Richardson,42,Salem,True,POL-3065,Third-Party Motor,750000,2025-02-05,2026-02-05,False,Fire,True,False,False,True,VEH-4065,Sedan,5,True,2,False,1.9,2,incomplete,True,False,True
CLM-1283,137607.17,2024-08-18,Fire,150000,CUST-2283,Matthew Terry,23,Madurai,False,POL-3283,Zero Depreciation,750000,2022-03-31,2023-03-31,False,Fire,True,True,False,False,VEH-4283,Hatchback,12,True,1,False,0.7,0,complete,True,False,False
CLM-1085,477716.71,2024-06-27,Natural Calamity,120000,CUST-2085,Wanda Vazquez,22,Madurai,False,POL-3085,Third-Party Motor,360000,2024-06-24,2025-06-24,False,Natural Calamity,False,False,True,False,VEH-4085,SUV,9,True,2,True,4.0,1,complete,False,False,True
CLM-1242,7682.64,2025-01-11,Windscreen Damage,12000,CUST-2242,Sharon Howard,44,Trichy,True,POL-3242,Third-Party Motor,96000,2024-01-28,2025-01-27,False,Windscreen Damage,False,True,False,False,VEH-4242,Truck,10,True,1,False,0.2,0,complete,True,False,False
CLM-1186,131274.91,2025-12-18,Theft,90000,CUST-2186,Melissa Clayton,54,Hyderabad,False,POL-3186,Zero Depreciation,720000,2024-02-23,2025-02-22,False,Theft,True,True,False,False,VEH-4186,Sedan,9,True,0,False,0.6,0,complete,True,False,False
CLM-1383,82621.56,2025-04-29,Theft,90000,CUST-2383,Dustin Gonzales,45,Chennai,False,POL-3383,Comprehensive Motor,720000,2024-04-26,2025-04-26,False,Theft,True,True,False,False,VEH-4383,Hatchback,10,True,1,False,0.9,0,complete,True,False,False
CLM-1159,324122.74,2025-12-11,Total Loss,250000,CUST-2159,James Paul,39,Madurai,False,POL-3159,Zero Depreciation,2000000,2023-08-14,2024-08-13,False,Total Loss,True,True,False,False,VEH-4159,Truck,8,True,0,False,0.4,0,complete,True,False,False
CLM-1012,711709.43,2023-01-02,Total Loss,250000,CUST-2012,Nancy Massey,61,Bengaluru,False,POL-3012,Zero Depreciation,2000000,2022-12-17,2023-12-17,False,Total Loss,True,True,False,True,VEH-4012,Sedan,4,False,4,True,3.4,2,complete,True,False,True
CLM-1035,144216.95,2022-03-30,Collision,55000,CUST-2035,Brittany Richard,54,Chennai,False,POL-3035,Comprehensive Motor,165000,2022-03-06,2023-03-06,True,Collision,True,False,False,False,VEH-4035,Sedan,8,False,4,False,3.5,1,incomplete,True,False,True
CLM-1028,928271.39,2023-05-20,Total Loss,250000,CUST-2028,James Anderson,27,Chennai,False,POL-3028,Comprehensive Motor,750000,2023-05-09,2024-05-08,True,Total Loss,True,True,True,True,VEH-4028,SUV,4,False,5,True,3.2,2,complete,False,False,True
CLM-1170,171501.56,2025-09-04,Total Loss,250000,CUST-2170,Sabrina Boone,61,Hyderabad,False,POL-3170,Third-Party Motor,750000,2024-11-05,2025-11-05,False,Total Loss,True,True,False,False,VEH-4170,Truck,7,True,0,False,0.6,0,complete,True,False,False
CLM-1142,82909.72,2026-08-16,Fire,150000,CUST-2142,Nicole Ramirez,31,Salem,True,POL-3142,Zero Depreciation,450000,2026-06-08,2027-06-08,False,Fire,True,True,False,False,VEH-4142,Truck,8,True,1,False,0.8,0,complete,True,False,False
CLM-1398,103356.03,2025-05-10,Total Loss,250000,CUST-2398,Katrina Thompson,52,Bengaluru,False,POL-3398,Comprehensive Motor,1250000,2022-08-31,2023-08-31,False,Total Loss,True,True,False,False,VEH-4398,Hatchback,14,True,0,False,0.3,0,complete,True,False,False
CLM-1342,248969.47,2026-06-11,Total Loss,250000,CUST-2342,Todd Shah,31,Madurai,False,POL-3342,Zero Depreciation,750000,2025-06-19,2026-06-19,False,Total Loss,True,True,False,False,VEH-4342,Hatchback,13,True,1,False,0.8,0,complete,True,False,False
CLM-1221,70165.53,2025-08-04,Collision,55000,CUST-2221,Jeffery Pope,34,Trichy,True,POL-3221,Zero Depreciation,440000,2025-06-13,2026-06-13,False,Collision,True,True,False,False,VEH-4221,Truck,8,True,0,False,1.0,0,complete,True,False,False
CLM-1095,364209.15,2024-09-04,Fire,150000,CUST-2095,Mark Byrd,32,Bengaluru,False,POL-3095,Comprehensive Motor,750000,2024-08-30,2025-08-30,True,Fire,True,False,False,True,VEH-4095,Truck,5,False,2,True,1.9,1,incomplete,False,False,True
CLM-1051,359260.0,2022-04-01,Fire,150000,CUST-2051,Daniel Williams,54,Salem,True,POL-3051,Zero Depreciation,450000,2022-03-23,2023-03-23,False,Fire,True,True,False,False,VEH-4051,Hatchback,12,True,3,False,3.5,2,complete,False,False,True
CLM-1240,78729.03,2026-05-01,Collision,55000,CUST-2240,Jacob Brown,35,Salem,True,POL-3240,Comprehensive Motor,165000,2025-09-08,2026-09-08,False,Collision,True,True,False,False,VEH-4240,Hatchback,6,True,0,False,0.3,0,complete,True,False,False
CLM-1484,121608.91,2025-04-08,Natural Calamity,120000,CUST-2484,Cynthia Mcintyre,22,Hyderabad,False,POL-3484,Zero Depreciation,600000,2023-05-12,2024-05-11,False,Natural Calamity,False,True,False,False,VEH-4484,Truck,0,True,1,False,0.4,0,complete,True,False,False
CLM-1378,70599.37,2025-04-26,Collision,55000,CUST-2378,Scott Martinez,57,Salem,True,POL-3378,Zero Depreciation,275000,2024-02-17,2025-02-16,False,Collision,True,True,False,False,VEH-4378,Two-Wheeler,3,True,0,False,0.5,0,complete,True,False,False
CLM-1178,10508.68,2026-07-22,Windscreen Damage,12000,CUST-2178,Susan Watkins,45,Madurai,False,POL-3178,Comprehensive Motor,60000,2026-05-20,2027-05-20,False,Windscreen Damage,False,True,False,False,VEH-4178,Hatchback,14,True,0,False,0.1,0,complete,True,False,False
CLM-1041,330663.95,2022-10-16,Theft,90000,CUST-2041,Karen Acevedo,69,Madurai,False,POL-3041,Zero Depreciation,270000,2022-10-15,2023-10-15,False,Theft,True,False,True,False,VEH-4041,Hatchback,12,True,4,True,2.8,0,incomplete,False,False,True
CLM-1498,11976.59,2023-03-19,Windscreen Damage,12000,CUST-2498,Ronald Jones,37,Madurai,False,POL-3498,Third-Party Motor,96000,2022-06-25,2023-06-25,False,Windscreen Damage,False,True,False,False,VEH-4498,Sedan,8,True,0,False,0.0,0,complete,True,False,False
CLM-1421,106996.96,2026-06-03,Natural Calamity,120000,CUST-2421,Bobby Smith,19,Madurai,False,POL-3421,Third-Party Motor,360000,2023-04-25,2024-04-24,False,Natural Calamity,False,True,False,False,VEH-4421,Sedan,4,True,0,False,0.2,0,complete,True,False,False
CLM-1206,15588.11,2023-07-09,Windscreen Damage,12000,CUST-2206,Michael Ramirez,46,Madurai,False,POL-3206,Zero Depreciation,36000,2022-08-27,2023-08-27,False,Windscreen Damage,False,True,False,False,VEH-4206,SUV,5,True,1,False,0.4,0,complete,True,False,False
CLM-1282,117702.33,2024-01-03,Theft,90000,CUST-2282,Alfred Massey,59,Trichy,True,POL-3282,Third-Party Motor,720000,2022-11-29,2023-11-29,False,Theft,True,True,False,False,VEH-4282,Two-Wheeler,7,True,0,False,0.6,0,complete,True,False,False
CLM-1254,398280.75,2024-05-20,Total Loss,250000,CUST-2254,Craig Bennett,53,Chennai,False,POL-3254,Third-Party Motor,2000000,2023-10-28,2024-10-27,False,Total Loss,True,True,False,True,VEH-4254,Sedan,11,True,0,False,0.1,0,complete,True,False,False
CLM-1412,384444.31,2026-06-09,Total Loss,250000,CUST-2412,Steven Gutierrez,36,Hyderabad,False,POL-3412,Comprehensive Motor,2000000,2022-10-05,2023-10-05,False,Total Loss,True,True,False,False,VEH-4412,Truck,1,True,0,False,0.4,0,complete,True,False,False
CLM-1004,601488.91,2025-05-07,Fire,150000,CUST-2004,Matthew Allen,47,Madurai,False,POL-3004,Comprehensive Motor,450000,2025-04-21,2026-04-21,False,Fire,True,True,False,True,VEH-4004,Truck,12,False,3,False,3.5,2,incomplete,True,False,True
CLM-1256,134551.95,2025-03-03,Fire,150000,CUST-2256,Laura Nelson,62,Chennai,False,POL-3256,Zero Depreciation,1200000,2024-03-21,2025-03-21,False,Fire,True,True,False,False,VEH-4256,Truck,0,True,1,False,0.5,0,complete,True,False,False
CLM-1448,86358.51,2026-06-10,Fire,150000,CUST-2448,Eric Tucker,22,Chennai,False,POL-3448,Third-Party Motor,1200000,2025-06-19,2026-06-19,True,Fire,True,True,False,False,VEH-4448,Truck,11,True,1,False,0.4,0,complete,True,False,False
CLM-1100,164361.69,2023-08-04,Total Loss,250000,CUST-2100,Dwayne Gillespie,68,Madurai,False,POL-3100,Third-Party Motor,1250000,2022-05-08,2023-05-08,False,Total Loss,True,True,False,False,VEH-4100,Two-Wheeler,8,True,1,False,0.9,0,complete,True,False,False
CLM-1226,121373.34,2026-04-12,Total Loss,250000,CUST-2226,Amanda Moreno,20,Salem,True,POL-3226,Zero Depreciation,2000000,2023-08-27,2024-08-26,False,Total Loss,True,True,False,False,VEH-4226,Truck,7,True,0,False,0.9,0,complete,True,False,False
CLM-1429,91458.24,2026-05-23,Natural Calamity,120000,CUST-2429,Amy Salas,42,Chennai,False,POL-3429,Third-Party Motor,600000,2025-02-25,2026-02-25,False,Natural Calamity,False,True,False,False,VEH-4429,Hatchback,0,True,1,False,0.3,0,complete,True,False,False
CLM-1213,11672.15,2026-07-30,Windscreen Damage,12000,CUST-2213,Geoffrey Patterson,36,Trichy,True,POL-3213,Zero Depreciation,96000,2025-08-07,2026-08-07,False,Windscreen Damage,False,True,False,True,VEH-4213,Sedan,1,True,0,False,0.4,0,complete,True,False,False
CLM-1171,373946.13,2026-06-20,Total Loss,250000,CUST-2171,Dawn Morse,45,Salem,True,POL-3171,Zero Depreciation,750000,2025-09-13,2026-09-13,False,Total Loss,True,True,False,False,VEH-4171,SUV,3,True,1,False,0.3,0,complete,True,False,False
CLM-1098,623630.25,2022-11-13,Total Loss,250000,CUST-2098,Juan Chandler,66,Trichy,True,POL-3098,Comprehensive Motor,1250000,2022-11-05,2023-11-05,False,Total Loss,True,False,False,False,VEH-4098,Two-Wheeler,5,False,2,False,1.8,0,incomplete,False,False,True
CLM-1292,246669.49,2024-10-23,Total Loss,250000,CUST-2292,Mr. Kevin Glass,67,Chennai,False,POL-3292,Third-Party Motor,750000,2024-02-07,2025-02-06,False,Total Loss,True,True,False,False,VEH-4292,Hatchback,7,True,0,False,1.2,0,complete,True,False,False
CLM-1215,75494.3,2024-08-07,Collision,55000,CUST-2215,John Rodriguez,49,Salem,True,POL-3215,Comprehensive Motor,275000,2023-03-19,2024-03-18,False,Collision,True,True,False,False,VEH-4215,Two-Wheeler,9,True,1,False,0.9,0,complete,True,False,False
CLM-1061,214168.44,2023-05-31,Theft,90000,CUST-2061,Ray Adams,49,Madurai,False,POL-3061,Zero Depreciation,270000,2023-05-30,2024-05-29,True,Theft,True,False,True,False,VEH-4061,SUV,2,False,4,True,1.5,1,incomplete,False,False,True
CLM-1047,926108.89,2026-03-11,Total Loss,250000,CUST-2047,Leroy Taylor,43,Salem,True,POL-3047,Comprehensive Motor,750000,2026-02-15,2027-02-15,True,Total Loss,True,True,False,False,VEH-4047,Hatchback,14,False,2,False,2.2,2,complete,False,False,True
CLM-1032,303474.04,2025-09-11,Natural Calamity,120000,CUST-2032,Amanda Petty,31,Bengaluru,False,POL-3032,Third-Party Motor,600000,2025-08-23,2026-08-23,False,Natural Calamity,False,True,False,False,VEH-4032,SUV,14,True,5,False,3.8,0,incomplete,True,False,True
CLM-1267,116649.14,2026-03-14,Fire,150000,CUST-2267,Jeremy Anderson,28,Hyderabad,False,POL-3267,Third-Party Motor,450000,2025-03-16,2026-03-16,False,Fire,True,True,False,False,VEH-4267,Sedan,4,True,1,False,0.4,0,complete,True,False,False
CLM-1327,90330.31,2026-05-09,Natural Calamity,120000,CUST-2327,John Jones,67,Hyderabad,False,POL-3327,Comprehensive Motor,960000,2025-10-28,2026-10-28,False,Natural Calamity,False,True,False,False,VEH-4327,Truck,11,True,0,False,0.7,0,complete,True,False,False
CLM-1200,169203.74,2026-03-27,Total Loss,250000,CUST-2200,James Keller,37,Bengaluru,False,POL-3200,Third-Party Motor,750000,2023-11-25,2024-11-24,False,Total Loss,True,True,False,False,VEH-4200,Truck,13,True,0,False,0.6,0,complete,True,False,False
CLM-1446,64859.91,2026-05-15,Collision,55000,CUST-2446,Miguel Hall,29,Chennai,False,POL-3446,Zero Depreciation,275000,2026-04-15,2027-04-15,True,Collision,True,True,False,True,VEH-4446,Sedan,13,True,1,False,0.5,0,complete,True,False,False
CLM-1027,389095.5,2024-10-11,Fire,150000,CUST-2027,Samantha Martinez,25,Coimbatore,False,POL-3027,Zero Depreciation,450000,2024-09-27,2025-09-27,False,Fire,True,False,True,False,VEH-4027,Sedan,12,False,2,False,2.7,1,incomplete,False,False,True
CLM-1424,107205.93,2025-04-23,Theft,90000,CUST-2424,Jacob Oneill,42,Madurai,False,POL-3424,Comprehensive Motor,270000,2023-09-08,2024-09-07,False,Theft,True,True,False,False,VEH-4424,Two-Wheeler,11,True,0,False,0.9,0,complete,True,False,False
CLM-1230,123150.21,2025-04-07,Natural Calamity,120000,CUST-2230,Mark Morgan,35,Madurai,False,POL-3230,Third-Party Motor,600000,2023-10-03,2024-10-02,False,Natural Calamity,False,True,False,False,VEH-4230,Sedan,4,True,0,False,0.0,0,complete,True,False,False
CLM-1260,120749.98,2026-07-26,Theft,90000,CUST-2260,Jennifer Werner,47,Hyderabad,False,POL-3260,Comprehensive Motor,270000,2026-04-04,2027-04-04,False,Theft,True,True,False,False,VEH-4260,Two-Wheeler,14,True,0,False,1.0,0,complete,True,False,False
CLM-1288,228517.79,2025-09-19,Total Loss,250000,CUST-2288,Allen Jacobs,52,Madurai,False,POL-3288,Zero Depreciation,750000,2024-01-31,2025-01-30,False,Total Loss,True,True,False,False,VEH-4288,Sedan,10,True,0,False,1.0,0,complete,True,False,False
CLM-1162,28454.01,2026-08-20,Collision,55000,CUST-2162,Mark Lawrence,31,Coimbatore,False,POL-3162,Zero Depreciation,275000,2025-06-29,2026-06-29,False,Collision,True,True,False,False,VEH-4162,Hatchback,7,True,0,False,0.2,0,complete,True,False,False
CLM-1425,158426.42,2026-07-18,Fire,150000,CUST-2425,Tanya Mitchell,62,Trichy,True,POL-3425,Zero Depreciation,750000,2025-07-06,2026-07-06,False,Fire,True,True,False,False,VEH-4425,Two-Wheeler,2,True,0,False,1.1,0,complete,True,False,False
CLM-1138,71183.45,2026-01-21,Collision,55000,CUST-2138,Amanda Gonzalez,30,Coimbatore,False,POL-3138,Zero Depreciation,275000,2024-08-19,2025-08-19,False,Collision,True,True,False,False,VEH-4138,Sedan,1,True,0,False,0.2,0,complete,True,False,False
CLM-1062,455294.34,2022-01-13,Natural Calamity,120000,CUST-2062,Susan Steele,63,Chennai,False,POL-3062,Third-Party Motor,360000,2022-01-08,2023-01-08,True,Natural Calamity,False,False,False,False,VEH-4062,Truck,1,True,5,True,4.0,1,incomplete,False,False,True
CLM-1135,334527.11,2025-05-19,Total Loss,250000,CUST-2135,Melissa Martinez,51,Coimbatore,False,POL-3135,Comprehensive Motor,750000,2023-04-11,2024-04-10,False,Total Loss,True,True,False,False,VEH-4135,Sedan,11,True,1,False,0.5,0,complete,True,False,False
CLM-1128,73573.28,2026-02-02,Theft,90000,CUST-2128,Carlos Mcguire,62,Bengaluru,False,POL-3128,Zero Depreciation,270000,2024-10-02,2025-10-02,False,Theft,True,True,False,False,VEH-4128,Truck,1,True,0,False,0.3,0,complete,True,False,False
CLM-1476,84309.14,2025-03-02,Fire,150000,CUST-2476,Kimberly Stone,19,Salem,True,POL-3476,Zero Depreciation,450000,2022-12-14,2023-12-14,True,Fire,True,True,False,False,VEH-4476,Hatchback,6,True,0,False,1.1,0,complete,True,False,False
CLM-1008,219511.99,2025-07-29,Collision,55000,CUST-2008,James Wilson,28,Hyderabad,False,POL-3008,Third-Party Motor,275000,2025-07-11,2026-07-11,True,Collision,True,True,False,False,VEH-4008,Two-Wheeler,8,False,5,True,2.2,1,complete,False,False,True
CLM-1326,8397.5,2025-01-11,Windscreen Damage,12000,CUST-2326,Hailey Anderson,50,Trichy,True,POL-3326,Comprehensive Motor,36000,2022-06-01,2023-06-01,False,Windscreen Damage,False,True,False,False,VEH-4326,Hatchback,7,True,0,False,0.5,0,complete,True,False,False
CLM-1463,149456.32,2026-04-29,Fire,150000,CUST-2463,Cameron Nelson,35,Hyderabad,False,POL-3463,Third-Party Motor,1200000,2026-02-23,2027-02-23,True,Fire,True,True,False,False,VEH-4463,SUV,7,True,1,False,0.6,0,complete,True,False,False
CLM-1064,37334.2,2022-06-21,Windscreen Damage,12000,CUST-2064,Sean Davis,45,Chennai,False,POL-3064,Comprehensive Motor,36000,2022-06-04,2023-06-04,True,Windscreen Damage,False,False,False,False,VEH-4064,Two-Wheeler,5,False,4,False,2.9,2,complete,False,False,True
CLM-1300,100416.07,2026-01-09,Theft,90000,CUST-2300,Paula Stephens,29,Chennai,False,POL-3300,Third-Party Motor,270000,2025-06-13,2026-06-13,False,Theft,True,True,False,False,VEH-4300,SUV,11,True,0,False,0.9,0,complete,True,False,False
CLM-1014,509006.13,2026-05-01,Fire,150000,CUST-2014,Bryan West,25,Coimbatore,False,POL-3014,Zero Depreciation,450000,2026-04-23,2027-04-23,False,Fire,True,True,False,True,VEH-4014,Hatchback,0,True,2,False,3.2,2,incomplete,False,False,True
CLM-1156,137392.27,2026-03-25,Fire,150000,CUST-2156,Janice Tran,48,Madurai,False,POL-3156,Comprehensive Motor,750000,2024-11-28,2025-11-28,False,Fire,True,True,False,False,VEH-4156,Sedan,6,True,1,False,0.3,0,complete,True,False,False
CLM-1040,229353.32,2023-12-05,Collision,55000,CUST-2040,Steve Greene,54,Bengaluru,False,POL-3040,Third-Party Motor,165000,2023-11-26,2024-11-25,False,Collision,True,False,False,True,VEH-4040,Sedan,11,False,4,True,3.0,0,incomplete,False,False,True
CLM-1379,105462.09,2026-02-21,Theft,90000,CUST-2379,Michael Quinn,21,Coimbatore,False,POL-3379,Comprehensive Motor,450000,2026-01-02,2027-01-02,False,Theft,True,True,False,False,VEH-4379,SUV,9,True,1,False,0.8,0,complete,True,False,False
CLM-1468,135020.25,2026-01-11,Natural Calamity,120000,CUST-2468,David Brooks,48,Madurai,False,POL-3468,Zero Depreciation,600000,2022-06-25,2023-06-25,False,Natural Calamity,False,True,False,False,VEH-4468,Two-Wheeler,12,True,0,False,0.5,0,complete,True,False,False
CLM-1403,88819.04,2026-01-24,Natural Calamity,120000,CUST-2403,Angela Knight,52,Salem,True,POL-3403,Comprehensive Motor,960000,2024-07-03,2025-07-03,False,Natural Calamity,False,True,False,False,VEH-4403,Two-Wheeler,2,True,0,False,0.7,0,complete,True,False,False
CLM-1216,62521.13,2023-08-16,Theft,90000,CUST-2216,Catherine Johnson,23,Coimbatore,False,POL-3216,Comprehensive Motor,720000,2022-10-24,2023-10-24,False,Theft,True,True,False,False,VEH-4216,Two-Wheeler,0,True,0,False,0.3,0,complete,True,False,False
CLM-1279,46106.96,2025-05-06,Theft,90000,CUST-2279,Sherri Rivera,33,Hyderabad,False,POL-3279,Third-Party Motor,270000,2024-09-22,2025-09-22,False,Theft,True,True,False,False,VEH-4279,Hatchback,4,True,0,False,1.1,0,complete,True,False,False
CLM-1434,56181.75,2025-02-12,Natural Calamity,120000,CUST-2434,Cynthia Jones,42,Madurai,False,POL-3434,Comprehensive Motor,600000,2023-03-04,2024-03-03,False,Natural Calamity,False,True,False,False,VEH-4434,Two-Wheeler,11,True,0,False,0.5,0,complete,True,False,False
CLM-1430,173840.32,2024-11-15,Fire,150000,CUST-2430,Sandra Lopez,52,Madurai,False,POL-3430,Comprehensive Motor,450000,2023-05-13,2024-05-12,False,Fire,True,True,False,False,VEH-4430,Two-Wheeler,2,True,0,False,0.8,0,complete,True,False,False
CLM-1337,39410.78,2023-12-06,Theft,90000,CUST-2337,John Martinez,52,Coimbatore,False,POL-3337,Zero Depreciation,270000,2022-06-11,2023-06-11,False,Theft,True,True,False,False,VEH-4337,SUV,11,True,1,False,0.2,0,complete,True,False,False
CLM-1236,31685.05,2024-04-15,Collision,55000,CUST-2236,Kerry Davis,24,Coimbatore,False,POL-3236,Zero Depreciation,440000,2022-08-24,2023-08-24,True,Collision,True,True,False,False,VEH-4236,SUV,5,True,1,False,1.2,0,complete,True,False,False
CLM-1207,51454.63,2023-12-11,Collision,55000,CUST-2207,James Hammond,20,Chennai,False,POL-3207,Third-Party Motor,440000,2022-07-19,2023-07-19,False,Collision,True,True,False,False,VEH-4207,SUV,2,True,1,False,0.3,0,complete,True,False,False
CLM-1212,143038.02,2024-09-10,Natural Calamity,120000,CUST-2212,Tabitha Reynolds,47,Madurai,False,POL-3212,Comprehensive Motor,360000,2023-07-20,2024-07-19,False,Natural Calamity,False,True,False,False,VEH-4212,SUV,10,True,0,False,0.7,0,complete,True,False,False
CLM-1295,8412.28,2022-08-19,Windscreen Damage,12000,CUST-2295,Roy Smith,49,Chennai,False,POL-3295,Zero Depreciation,60000,2022-06-12,2023-06-12,False,Windscreen Damage,False,True,False,False,VEH-4295,Truck,3,True,0,False,0.4,0,complete,True,False,False
CLM-1457,44353.91,2025-05-07,Collision,55000,CUST-2457,Daniel Fields,67,Trichy,True,POL-3457,Zero Depreciation,275000,2022-06-19,2023-06-19,False,Collision,True,True,False,False,VEH-4457,Sedan,5,True,0,False,0.3,0,complete,True,False,False
CLM-1251,117718.14,2026-04-29,Theft,90000,CUST-2251,Larry Allen,46,Hyderabad,False,POL-3251,Zero Depreciation,270000,2025-09-30,2026-09-30,False,Theft,True,True,False,False,VEH-4251,Two-Wheeler,11,True,0,False,1.2,0,complete,True,False,False
CLM-1488,58936.56,2025-02-19,Natural Calamity,120000,CUST-2488,Sandra Hess,49,Bengaluru,False,POL-3488,Comprehensive Motor,600000,2023-09-13,2024-09-12,False,Natural Calamity,False,True,False,True,VEH-4488,Truck,8,True,0,False,0.4,0,complete,True,False,False
CLM-1486,132470.35,2025-03-29,Fire,150000,CUST-2486,Jonathan Smith,54,Hyderabad,False,POL-3486,Zero Depreciation,1200000,2025-01-31,2026-01-31,False,Fire,True,True,False,False,VEH-4486,Hatchback,2,True,0,False,0.6,0,complete,True,False,False
CLM-1303,56824.0,2026-03-10,Collision,55000,CUST-2303,Sylvia Edwards,29,Chennai,False,POL-3303,Third-Party Motor,275000,2025-07-25,2026-07-25,False,Collision,True,True,False,True,VEH-4303,Truck,1,True,0,False,0.1,0,complete,True,False,False
CLM-1350,12014.16,2026-07-15,Windscreen Damage,12000,CUST-2350,Kimberly Cole,52,Hyderabad,False,POL-3350,Comprehensive Motor,96000,2023-11-02,2024-11-01,False,Windscreen Damage,False,True,False,False,VEH-4350,Hatchback,7,True,0,False,1.0,0,complete,True,False,False
CLM-1269,44375.05,2025-05-24,Collision,55000,CUST-2269,Calvin Patrick,57,Chennai,False,POL-3269,Zero Depreciation,165000,2024-10-30,2025-10-30,False,Collision,True,True,False,False,VEH-4269,SUV,13,True,1,False,0.8,0,complete,True,False,False
CLM-1201,8024.82,2025-07-29,Windscreen Damage,12000,CUST-2201,Valerie Anderson,48,Hyderabad,False,POL-3201,Comprehensive Motor,96000,2023-04-08,2024-04-07,False,Windscreen Damage,False,True,False,False,VEH-4201,Sedan,9,True,1,False,0.3,0,complete,True,False,False
CLM-1161,10608.3,2026-06-03,Windscreen Damage,12000,CUST-2161,Elizabeth Hendrix,57,Bengaluru,False,POL-3161,Comprehensive Motor,60000,2025-01-16,2026-01-16,False,Windscreen Damage,False,True,False,False,VEH-4161,Two-Wheeler,1,True,0,False,1.1,0,complete,True,False,False
CLM-1043,183401.18,2022-02-03,Collision,55000,CUST-2043,Ann Jefferson,46,Salem,True,POL-3043,Zero Depreciation,165000,2022-01-31,2023-01-31,True,Collision,True,False,False,True,VEH-4043,Sedan,11,False,3,False,3.6,0,incomplete,False,False,True
CLM-1217,347324.66,2022-12-18,Total Loss,250000,CUST-2217,Melissa Valencia,19,Bengaluru,False,POL-3217,Comprehensive Motor,750000,2022-02-22,2023-02-22,False,Total Loss,True,True,False,False,VEH-4217,Hatchback,7,True,0,False,1.1,0,complete,True,False,False
CLM-1401,52958.75,2026-05-01,Theft,90000,CUST-2401,Miguel Vasquez,59,Trichy,True,POL-3401,Third-Party Motor,450000,2024-07-20,2025-07-20,False,Theft,True,True,False,False,VEH-4401,Hatchback,2,True,0,False,0.0,0,complete,True,False,False
CLM-1190,188505.76,2025-06-28,Total Loss,250000,CUST-2190,Kathleen Perry,41,Coimbatore,False,POL-3190,Zero Depreciation,750000,2024-07-24,2025-07-24,False,Total Loss,True,True,False,False,VEH-4190,Truck,8,True,1,False,0.3,0,complete,True,False,False
CLM-1309,297200.19,2026-06-15,Total Loss,250000,CUST-2309,Lisa Cox,50,Madurai,False,POL-3309,Zero Depreciation,1250000,2025-01-17,2026-01-17,False,Total Loss,True,True,False,False,VEH-4309,SUV,11,True,1,False,0.9,0,complete,True,False,False
CLM-1259,129473.79,2024-05-03,Natural Calamity,120000,CUST-2259,Albert Cisneros,68,Chennai,False,POL-3259,Comprehensive Motor,360000,2022-10-27,2023-10-27,False,Natural Calamity,False,True,False,False,VEH-4259,Hatchback,10,True,0,False,0.5,0,complete,True,False,False
CLM-1105,8692.92,2026-04-27,Windscreen Damage,12000,CUST-2105,Ashley Graves,46,Trichy,True,POL-3105,Third-Party Motor,36000,2025-06-28,2026-06-28,False,Windscreen Damage,False,True,False,False,VEH-4105,Hatchback,3,True,1,False,0.2,0,complete,True,False,False
CLM-1053,413276.43,2024-03-28,Natural Calamity,120000,CUST-2053,Cynthia Hutchinson,34,Coimbatore,False,POL-3053,Comprehensive Motor,960000,2024-03-21,2025-03-21,False,Natural Calamity,False,False,True,False,VEH-4053,SUV,0,False,3,True,2.1,2,incomplete,False,False,True
CLM-1389,51827.06,2024-05-10,Theft,90000,CUST-2389,John Reed,69,Chennai,False,POL-3389,Comprehensive Motor,450000,2023-09-04,2024-09-03,False,Theft,True,True,False,False,VEH-4389,SUV,8,True,0,False,1.2,0,complete,True,False,False
CLM-1001,368311.65,2025-02-01,Theft,90000,CUST-2001,Donald Stafford,64,Bengaluru,False,POL-3001,Zero Depreciation,720000,2025-01-21,2026-01-21,True,Theft,True,False,False,False,VEH-4001,Sedan,6,False,3,True,2.9,0,incomplete,False,False,True
CLM-1441,216061.01,2024-08-04,Fire,150000,CUST-2441,Jason Hale,66,Madurai,False,POL-3441,Zero Depreciation,450000,2023-08-28,2024-08-27,True,Fire,True,True,False,False,VEH-4441,Two-Wheeler,9,True,0,False,0.4,0,complete,True,False,False
CLM-1482,16815.69,2025-07-27,Windscreen Damage,12000,CUST-2482,Shawn Bryant,40,Coimbatore,False,POL-3482,Comprehensive Motor,96000,2023-10-19,2024-10-18,False,Windscreen Damage,False,True,False,False,VEH-4482,Two-Wheeler,7,True,0,False,1.1,0,complete,True,False,False
CLM-1049,576074.08,2022-07-03,Fire,150000,CUST-2049,Amy Mills,45,Salem,True,POL-3049,Comprehensive Motor,450000,2022-06-14,2023-06-14,False,Fire,True,False,False,True,VEH-4049,Hatchback,14,True,2,False,3.3,2,incomplete,True,True,True
CLM-1419,11935.7,2023-08-13,Windscreen Damage,12000,CUST-2419,Joshua Bass,32,Trichy,True,POL-3419,Comprehensive Motor,36000,2023-02-27,2024-02-27,False,Windscreen Damage,False,True,False,False,VEH-4419,Two-Wheeler,7,True,1,False,0.7,0,complete,True,False,False
CLM-1080,361644.67,2022-09-30,Fire,150000,CUST-2080,Pamela Klein DDS,53,Hyderabad,False,POL-3080,Zero Depreciation,750000,2022-09-13,2023-09-13,False,Fire,True,False,True,True,VEH-4080,SUV,13,False,2,True,3.2,1,complete,True,False,True
CLM-1205,158510.91,2023-09-05,Fire,150000,CUST-2205,Ricardo Hayden,39,Salem,True,POL-3205,Third-Party Motor,1200000,2023-03-30,2024-03-29,False,Fire,True,True,False,False,VEH-4205,Two-Wheeler,6,True,0,False,0.7,0,complete,True,False,False
CLM-1034,213929.57,2025-04-25,Collision,55000,CUST-2034,Debbie Jacobs,55,Trichy,True,POL-3034,Zero Depreciation,165000,2025-04-20,2026-04-20,True,Collision,True,False,True,False,VEH-4034,Two-Wheeler,6,False,2,False,3.3,0,incomplete,True,False,True
CLM-1263,12176.3,2026-01-18,Windscreen Damage,12000,CUST-2263,Eric Hancock,66,Madurai,False,POL-3263,Third-Party Motor,60000,2025-07-17,2026-07-17,False,Windscreen Damage,False,True,False,True,VEH-4263,Sedan,5,True,0,False,0.3,0,complete,True,False,False
CLM-1427,90589.31,2024-10-15,Fire,150000,CUST-2427,Kevin Hernandez,57,Madurai,False,POL-3427,Zero Depreciation,750000,2024-04-16,2025-04-16,False,Fire,True,True,False,False,VEH-4427,SUV,10,True,0,False,1.1,0,complete,True,False,False
CLM-1366,93470.08,2023-12-16,Natural Calamity,120000,CUST-2366,Matthew Thomas,21,Salem,True,POL-3366,Third-Party Motor,960000,2023-09-23,2024-09-22,False,Natural Calamity,False,True,False,False,VEH-4366,Sedan,1,True,0,False,1.1,0,complete,True,False,False
CLM-1091,312656.42,2024-05-25,Natural Calamity,120000,CUST-2091,Russell Reed,68,Hyderabad,False,POL-3091,Comprehensive Motor,360000,2024-05-20,2025-05-20,True,Natural Calamity,False,False,False,False,VEH-4091,Sedan,14,True,2,False,2.5,2,incomplete,False,False,True
CLM-1339,148966.76,2026-05-07,Fire,150000,CUST-2339,Austin Mora,65,Bengaluru,False,POL-3339,Zero Depreciation,1200000,2022-12-12,2023-12-12,False,Fire,True,True,False,False,VEH-4339,Sedan,13,True,0,False,0.2,0,complete,True,False,False
CLM-1473,66970.07,2022-09-24,Fire,150000,CUST-2473,Emily Chavez,47,Chennai,False,POL-3473,Third-Party Motor,750000,2022-02-23,2023-02-23,False,Fire,True,True,False,False,VEH-4473,Two-Wheeler,8,True,0,False,0.4,0,complete,True,False,False
CLM-1052,51662.25,2023-10-22,Windscreen Damage,12000,CUST-2052,Dennis Price,40,Salem,True,POL-3052,Zero Depreciation,36000,2023-10-10,2024-10-09,False,Windscreen Damage,False,False,False,True,VEH-4052,Two-Wheeler,6,True,3,True,2.4,0,incomplete,True,False,True
CLM-1345,107774.61,2025-04-04,Theft,90000,CUST-2345,Darrell Gross,60,Madurai,False,POL-3345,Third-Party Motor,450000,2024-08-09,2025-08-09,False,Theft,True,True,False,False,VEH-4345,Truck,3,True,1,False,1.0,0,complete,True,False,False
CLM-1264,221051.14,2024-03-27,Fire,150000,CUST-2264,Theresa Rose,44,Salem,True,POL-3264,Third-Party Motor,750000,2022-06-01,2023-06-01,False,Fire,True,True,False,False,VEH-4264,Sedan,2,True,0,False,0.4,0,complete,True,False,False
CLM-1241,141464.92,2025-08-29,Theft,90000,CUST-2241,Antonio Rosales,38,Bengaluru,False,POL-3241,Comprehensive Motor,450000,2024-12-22,2025-12-22,False,Theft,True,True,False,True,VEH-4241,Sedan,6,True,1,False,0.2,0,complete,True,False,False
CLM-1013,395250.17,2023-07-14,Theft,90000,CUST-2013,James Gonzales DDS,57,Madurai,False,POL-3013,Third-Party Motor,720000,2023-07-07,2024-07-06,False,Theft,True,False,False,False,VEH-4013,Hatchback,1,True,4,False,2.1,1,complete,True,False,True
CLM-1315,201491.66,2026-03-15,Total Loss,250000,CUST-2315,Tiffany Mejia,59,Coimbatore,False,POL-3315,Comprehensive Motor,1250000,2025-09-15,2026-09-15,False,Total Loss,True,True,False,False,VEH-4315,Sedan,12,True,0,False,1.0,0,complete,True,False,False
CLM-1088,789582.95,2022-02-28,Total Loss,250000,CUST-2088,Dr. Matthew Ramirez III,46,Trichy,True,POL-3088,Comprehensive Motor,750000,2022-02-20,2023-02-20,True,Total Loss,True,False,True,True,VEH-4088,Hatchback,4,False,2,False,3.5,2,incomplete,True,False,True
CLM-1387,60178.2,2026-02-28,Fire,150000,CUST-2387,Julie Jackson,35,Bengaluru,False,POL-3387,Zero Depreciation,450000,2026-01-20,2027-01-20,False,Fire,True,True,False,False,VEH-4387,Hatchback,4,True,1,False,0.2,0,complete,True,False,False
CLM-1273,47005.29,2025-02-01,Collision,55000,CUST-2273,Anthony Mcguire,65,Madurai,False,POL-3273,Zero Depreciation,440000,2023-08-05,2024-08-04,False,Collision,True,True,False,False,VEH-4273,Two-Wheeler,1,True,1,False,0.7,0,complete,True,False,False
CLM-1166,7837.46,2025-04-22,Windscreen Damage,12000,CUST-2166,Elizabeth Howard,45,Hyderabad,False,POL-3166,Comprehensive Motor,36000,2022-08-21,2023-08-21,False,Windscreen Damage,False,True,False,False,VEH-4166,Sedan,13,True,0,False,1.0,0,complete,True,False,False
CLM-1328,185566.33,2025-05-23,Total Loss,250000,CUST-2328,Keith Kennedy,63,Salem,True,POL-3328,Zero Depreciation,750000,2023-08-18,2024-08-17,False,Total Loss,True,True,False,False,VEH-4328,Sedan,10,True,1,False,0.0,0,complete,True,False,False
CLM-1492,228761.75,2024-02-01,Fire,150000,CUST-2492,Thomas Webster,43,Chennai,False,POL-3492,Zero Depreciation,1200000,2022-08-12,2023-08-12,False,Fire,True,True,False,False,VEH-4492,Two-Wheeler,13,True,0,False,0.0,0,complete,True,False,False
CLM-1134,11553.67,2026-07-12,Windscreen Damage,12000,CUST-2134,Amy Thornton,55,Salem,True,POL-3134,Zero Depreciation,96000,2026-04-06,2027-04-06,False,Windscreen Damage,False,True,False,False,VEH-4134,SUV,13,True,0,False,0.6,0,complete,True,False,False
CLM-1306,43282.58,2025-12-06,Collision,55000,CUST-2306,Christopher Valdez,40,Coimbatore,False,POL-3306,Zero Depreciation,440000,2025-08-09,2026-08-09,False,Collision,True,True,False,False,VEH-4306,SUV,10,True,1,False,1.1,0,complete,True,False,False
CLM-1480,84891.66,2024-07-19,Fire,150000,CUST-2480,Steven Atkinson,63,Chennai,False,POL-3480,Third-Party Motor,450000,2022-10-05,2023-10-05,True,Fire,True,True,False,False,VEH-4480,Hatchback,10,True,0,False,1.2,0,complete,True,False,False
CLM-1319,69598.52,2026-06-10,Fire,150000,CUST-2319,Robert Martinez,51,Trichy,True,POL-3319,Comprehensive Motor,750000,2025-05-29,2026-05-29,False,Fire,True,True,False,False,VEH-4319,Hatchback,11,True,0,False,1.1,0,complete,True,False,False
CLM-1243,204658.2,2023-04-01,Total Loss,250000,CUST-2243,Courtney Mendoza,62,Chennai,False,POL-3243,Zero Depreciation,750000,2022-04-18,2023-04-18,False,Total Loss,True,True,False,False,VEH-4243,Two-Wheeler,1,True,0,False,0.9,0,complete,True,False,False
CLM-1054,306901.87,2026-04-10,Natural Calamity,120000,CUST-2054,Sheila Mason,60,Coimbatore,False,POL-3054,Third-Party Motor,360000,2026-03-20,2027-03-20,False,Natural Calamity,False,False,False,False,VEH-4054,SUV,3,False,2,False,2.9,0,incomplete,False,False,True
CLM-1363,93599.18,2026-07-29,Fire,150000,CUST-2363,Dominic Hicks,55,Madurai,False,POL-3363,Comprehensive Motor,750000,2025-06-16,2026-06-16,True,Fire,True,True,False,False,VEH-4363,SUV,0,True,0,False,0.6,0,complete,True,False,False
CLM-1050,468467.67,2023-05-19,Fire,150000,CUST-2050,Cheryl Fisher,33,Hyderabad,False,POL-3050,Zero Depreciation,450000,2023-04-27,2024-04-26,False,Fire,True,True,False,True,VEH-4050,Sedan,1,False,4,False,2.1,2,incomplete,False,False,True
CLM-1456,59310.89,2025-09-29,Collision,55000,CUST-2456,Lisa Washington,19,Madurai,False,POL-3456,Third-Party Motor,275000,2024-02-12,2025-02-11,False,Collision,True,True,False,True,VEH-4456,Sedan,0,True,0,False,0.1,0,complete,True,False,False
CLM-1174,10738.2,2026-07-08,Windscreen Damage,12000,CUST-2174,Amanda Bryant,50,Chennai,False,POL-3174,Third-Party Motor,96000,2023-10-14,2024-10-13,False,Windscreen Damage,False,True,False,False,VEH-4174,Hatchback,13,True,1,False,0.3,0,complete,True,False,False
CLM-1445,52664.8,2025-04-15,Theft,90000,CUST-2445,Felicia Pope,65,Trichy,True,POL-3445,Third-Party Motor,720000,2025-01-15,2026-01-15,False,Theft,True,True,False,False,VEH-4445,Two-Wheeler,12,True,0,False,1.1,0,complete,True,False,False
CLM-1189,329507.32,2025-07-11,Total Loss,250000,CUST-2189,Alejandra Barnett,65,Chennai,False,POL-3189,Comprehensive Motor,2000000,2024-06-23,2025-06-23,False,Total Loss,True,True,False,False,VEH-4189,Two-Wheeler,9,True,0,False,0.4,0,complete,True,False,False
CLM-1496,227779.85,2025-04-11,Fire,150000,CUST-2496,Kathleen Young,65,Madurai,False,POL-3496,Comprehensive Motor,750000,2024-02-06,2025-02-05,False,Fire,True,True,False,False,VEH-4496,Two-Wheeler,8,True,0,False,0.5,0,complete,True,False,False
CLM-1187,86506.46,2025-12-20,Theft,90000,CUST-2187,Michael Rowe,26,Trichy,True,POL-3187,Zero Depreciation,720000,2023-04-21,2024-04-20,False,Theft,True,True,False,False,VEH-4187,Truck,6,True,0,False,0.2,0,complete,True,False,False
CLM-1169,116435.26,2025-04-24,Theft,90000,CUST-2169,Jerry Collins,25,Salem,True,POL-3169,Comprehensive Motor,270000,2024-11-06,2025-11-06,False,Theft,True,True,False,False,VEH-4169,Truck,6,True,1,False,1.0,0,complete,True,False,False
CLM-1058,565724.13,2025-02-15,Fire,150000,CUST-2058,John Wallace,65,Bengaluru,False,POL-3058,Comprehensive Motor,1200000,2025-02-09,2026-02-09,True,Fire,True,True,True,True,VEH-4058,Two-Wheeler,0,False,4,True,3.8,0,incomplete,False,False,True
CLM-1048,533905.09,2025-04-21,Natural Calamity,120000,CUST-2048,Valerie Williams,21,Chennai,False,POL-3048,Comprehensive Motor,960000,2025-04-11,2026-04-11,True,Natural Calamity,False,False,True,True,VEH-4048,SUV,14,False,2,False,1.7,2,incomplete,False,False,True
CLM-1344,130781.14,2026-05-09,Natural Calamity,120000,CUST-2344,Patrick Rivera Jr.,66,Madurai,False,POL-3344,Third-Party Motor,360000,2022-05-30,2023-05-30,False,Natural Calamity,False,True,False,False,VEH-4344,Truck,12,True,0,False,0.3,0,complete,True,False,False
CLM-1235,227249.27,2026-06-09,Fire,150000,CUST-2235,David Berry,46,Trichy,True,POL-3235,Comprehensive Motor,450000,2025-09-06,2026-09-06,True,Fire,True,True,False,False,VEH-4235,Two-Wheeler,14,True,1,False,1.2,0,complete,True,False,False
CLM-1252,9329.97,2024-11-16,Windscreen Damage,12000,CUST-2252,Angela Barker DVM,27,Chennai,False,POL-3252,Third-Party Motor,60000,2024-07-30,2025-07-30,False,Windscreen Damage,False,True,False,False,VEH-4252,Sedan,11,True,0,False,0.9,0,complete,True,False,False
CLM-1021,533944.62,2025-05-22,Fire,150000,CUST-2021,Ronald Dillon,31,Madurai,False,POL-3021,Third-Party Motor,1200000,2025-05-05,2026-05-05,True,Fire,True,True,False,True,VEH-4021,Sedan,3,False,5,False,2.3,1,incomplete,False,False,True
CLM-1313,15215.81,2026-08-03,Windscreen Damage,12000,CUST-2313,Wendy Moore,26,Coimbatore,False,POL-3313,Zero Depreciation,96000,2026-06-29,2027-06-29,False,Windscreen Damage,False,True,False,True,VEH-4313,SUV,11,True,1,False,0.6,0,complete,True,False,False
CLM-1459,124539.6,2025-07-04,Theft,90000,CUST-2459,Edward Rice,24,Salem,True,POL-3459,Zero Depreciation,270000,2024-08-31,2025-08-31,False,Theft,True,True,False,False,VEH-4459,Hatchback,14,True,1,False,0.6,0,complete,True,False,False
CLM-1160,53641.53,2025-04-23,Collision,55000,CUST-2160,Nicholas Flores,27,Coimbatore,False,POL-3160,Comprehensive Motor,165000,2023-06-01,2024-05-31,False,Collision,True,True,False,False,VEH-4160,Truck,12,True,1,False,0.8,0,complete,True,False,False
CLM-1276,114130.59,2025-12-06,Theft,90000,CUST-2276,Deborah Thompson,49,Chennai,False,POL-3276,Zero Depreciation,720000,2023-09-27,2024-09-26,False,Theft,True,True,False,False,VEH-4276,Two-Wheeler,13,True,1,False,0.8,0,complete,True,False,False
CLM-1443,172426.72,2026-08-15,Natural Calamity,120000,CUST-2443,Jeanne Hamilton,20,Hyderabad,False,POL-3443,Third-Party Motor,960000,2024-09-27,2025-09-27,False,Natural Calamity,False,True,False,False,VEH-4443,SUV,9,True,1,False,0.2,0,complete,True,False,False
CLM-1191,13779.07,2025-10-28,Windscreen Damage,12000,CUST-2191,Brian Downs,53,Trichy,True,POL-3191,Comprehensive Motor,60000,2024-02-21,2025-02-20,False,Windscreen Damage,False,True,False,False,VEH-4191,Truck,8,True,1,False,0.2,0,complete,True,False,False
CLM-1385,136516.81,2026-08-01,Theft,90000,CUST-2385,Candice Wright,20,Madurai,False,POL-3385,Zero Depreciation,270000,2024-09-04,2025-09-04,False,Theft,True,True,False,False,VEH-4385,Truck,0,True,1,False,0.0,0,complete,True,False,False
CLM-1293,243294.63,2026-03-07,Total Loss,250000,CUST-2293,Adrian Ingram,32,Bengaluru,False,POL-3293,Zero Depreciation,750000,2023-11-18,2024-11-17,False,Total Loss,True,True,False,False,VEH-4293,Sedan,11,True,0,False,1.1,0,complete,True,False,False
CLM-1413,116290.93,2025-08-27,Natural Calamity,120000,CUST-2413,Kyle Torres,32,Madurai,False,POL-3413,Third-Party Motor,600000,2024-07-07,2025-07-07,False,Natural Calamity,False,True,False,True,VEH-4413,Truck,5,True,1,False,0.7,0,complete,True,False,False
CLM-1343,7813.59,2026-06-26,Windscreen Damage,12000,CUST-2343,Stephen Randall,57,Bengaluru,False,POL-3343,Third-Party Motor,36000,2023-09-11,2024-09-10,False,Windscreen Damage,False,True,False,False,VEH-4343,Two-Wheeler,12,True,0,False,1.0,0,complete,True,False,False
CLM-1257,363823.52,2023-06-15,Total Loss,250000,CUST-2257,Richard Phillips,35,Hyderabad,False,POL-3257,Third-Party Motor,2000000,2022-12-11,2023-12-11,False,Total Loss,True,True,False,False,VEH-4257,Hatchback,11,True,0,False,0.3,0,complete,True,False,False
CLM-1308,11731.81,2023-06-12,Windscreen Damage,12000,CUST-2308,Evan Williams,57,Trichy,True,POL-3308,Third-Party Motor,36000,2022-03-31,2023-03-31,False,Windscreen Damage,False,True,False,False,VEH-4308,Sedan,8,True,1,False,0.1,0,complete,True,False,False
CLM-1149,79995.14,2026-01-25,Theft,90000,CUST-2149,Carl Turner,24,Salem,True,POL-3149,Zero Depreciation,450000,2025-09-16,2026-09-16,False,Theft,True,True,False,False,VEH-4149,SUV,14,True,0,False,0.7,0,complete,True,False,False
CLM-1130,144890.89,2026-02-24,Natural Calamity,120000,CUST-2130,Luke Miranda,55,Madurai,False,POL-3130,Third-Party Motor,600000,2025-02-07,2026-02-07,False,Natural Calamity,False,True,False,False,VEH-4130,Two-Wheeler,6,True,0,False,0.3,0,complete,True,False,False
CLM-1151,42746.96,2025-06-04,Collision,55000,CUST-2151,Jimmy Moreno,66,Hyderabad,False,POL-3151,Comprehensive Motor,275000,2023-09-22,2024-09-21,False,Collision,True,True,False,False,VEH-4151,Sedan,9,True,1,False,0.5,0,complete,True,False,False
CLM-1359,70893.81,2026-05-27,Collision,55000,CUST-2359,Matthew Bailey,64,Madurai,False,POL-3359,Comprehensive Motor,275000,2024-02-04,2025-02-03,False,Collision,True,True,False,False,VEH-4359,Hatchback,7,True,0,False,0.9,0,complete,True,False,False
CLM-1099,354876.44,2022-05-23,Natural Calamity,120000,CUST-2099,Robert Cortez,27,Trichy,True,POL-3099,Zero Depreciation,600000,2022-05-12,2023-05-12,True,Natural Calamity,False,True,False,True,VEH-4099,Hatchback,4,False,5,False,2.7,1,incomplete,False,False,True
CLM-1372,13825.43,2025-07-28,Windscreen Damage,12000,CUST-2372,Susan Potter,19,Trichy,True,POL-3372,Zero Depreciation,96000,2024-11-28,2025-11-28,False,Windscreen Damage,False,True,False,False,VEH-4372,Sedan,5,True,1,False,0.8,0,complete,True,False,False
CLM-1087,508178.49,2026-03-22,Fire,150000,CUST-2087,Clayton Wagner,59,Chennai,False,POL-3087,Third-Party Motor,1200000,2026-03-19,2027-03-19,False,Fire,True,True,False,True,VEH-4087,Two-Wheeler,4,False,4,True,3.9,2,incomplete,False,False,True
CLM-1458,68185.88,2025-07-30,Natural Calamity,120000,CUST-2458,James Mcneil,48,Hyderabad,False,POL-3458,Zero Depreciation,360000,2022-07-15,2023-07-15,False,Natural Calamity,False,True,False,False,VEH-4458,SUV,14,True,1,False,0.7,0,complete,True,False,False
CLM-1330,78775.05,2025-08-29,Theft,90000,CUST-2330,Laura Banks,38,Chennai,False,POL-3330,Third-Party Motor,720000,2024-01-10,2025-01-09,False,Theft,True,True,False,False,VEH-4330,Hatchback,0,True,0,False,0.1,0,complete,True,False,False
CLM-1214,68953.02,2025-12-14,Collision,55000,CUST-2214,Brian Becker,51,Trichy,True,POL-3214,Third-Party Motor,165000,2022-09-15,2023-09-15,False,Collision,True,True,False,False,VEH-4214,Sedan,0,True,0,False,0.5,0,complete,True,False,False
CLM-1466,170995.01,2026-01-07,Fire,150000,CUST-2466,Brandy Howard,23,Chennai,False,POL-3466,Third-Party Motor,750000,2025-07-22,2026-07-22,False,Fire,True,True,False,True,VEH-4466,Truck,4,True,0,False,0.1,0,complete,True,False,False
CLM-1121,12657.73,2026-02-09,Windscreen Damage,12000,CUST-2121,Angela Walker,54,Salem,True,POL-3121,Zero Depreciation,96000,2025-08-25,2026-08-25,False,Windscreen Damage,False,True,False,False,VEH-4121,Hatchback,6,True,1,False,0.7,0,complete,True,False,False
CLM-1499,124166.56,2025-03-19,Theft,90000,CUST-2499,Susan Carter,62,Coimbatore,False,POL-3499,Third-Party Motor,720000,2024-07-21,2025-07-21,False,Theft,True,True,False,False,VEH-4499,SUV,6,True,0,False,0.9,0,complete,True,False,False
CLM-1020,139490.92,2026-07-01,Collision,55000,CUST-2020,Mr. Larry Anderson,21,Trichy,True,POL-3020,Zero Depreciation,275000,2026-06-11,2027-06-11,True,Collision,True,True,True,True,VEH-4020,Hatchback,10,True,3,False,1.9,0,complete,True,False,True
CLM-1188,173905.67,2026-08-24,Total Loss,250000,CUST-2188,Allison Hicks,63,Bengaluru,False,POL-3188,Third-Party Motor,1250000,2022-01-20,2023-01-20,False,Total Loss,True,True,False,False,VEH-4188,Truck,12,True,1,False,0.4,0,complete,True,False,False
CLM-1071,41369.26,2023-02-17,Windscreen Damage,12000,CUST-2071,Amanda Chung,57,Trichy,True,POL-3071,Third-Party Motor,60000,2023-02-13,2024-02-13,True,Windscreen Damage,False,True,False,True,VEH-4071,Sedan,1,False,2,False,1.9,0,incomplete,False,False,True
CLM-1106,18701.99,2022-09-14,Windscreen Damage,12000,CUST-2106,Brianna Rodriguez,68,Bengaluru,False,POL-3106,Zero Depreciation,96000,2022-02-25,2023-02-25,False,Windscreen Damage,False,True,False,False,VEH-4106,Two-Wheeler,14,True,0,False,1.0,0,complete,True,False,False
CLM-1270,130636.86,2025-06-16,Theft,90000,CUST-2270,Susan Young,42,Salem,True,POL-3270,Third-Party Motor,450000,2024-12-06,2025-12-06,False,Theft,True,True,False,False,VEH-4270,Truck,2,True,0,False,0.4,0,complete,True,False,False
CLM-1348,54446.28,2024-04-07,Collision,55000,CUST-2348,Tiffany Armstrong,38,Madurai,False,POL-3348,Comprehensive Motor,275000,2022-09-08,2023-09-08,False,Collision,True,True,False,False,VEH-4348,SUV,12,True,1,False,1.1,0,complete,True,False,False
CLM-1435,26201.8,2025-06-04,Collision,55000,CUST-2435,Julie Wood,55,Bengaluru,False,POL-3435,Comprehensive Motor,165000,2022-08-29,2023-08-29,False,Collision,True,True,False,False,VEH-4435,Hatchback,1,True,1,False,1.0,0,complete,True,False,False
CLM-1102,18104.17,2026-07-31,Windscreen Damage,12000,CUST-2102,Katherine Moon,65,Coimbatore,False,POL-3102,Third-Party Motor,60000,2026-03-24,2027-03-24,True,Windscreen Damage,False,True,False,False,VEH-4102,Sedan,8,True,1,False,0.0,0,complete,True,False,False
